filename, Flesch-Kincaid, Coleman-Liau index, Dale-Chale readability formula, readability level (SMOG), Automated Readability Index, # of chars, # of spaces, # of letters, # of words, # of sentences, # of complex words, # of simple words, average # of words per sentence, average # of syllables per sentence, % of complex words
11549_I.txt, 4.826, 4.904, 5.411, 6.128, 4.815, 37362, 5014, 29097, 5432, 656, 310, 5122, 8.28, 2.302, 5.707
11549_II.txt, 5.908, 3.992, 6.421, 6.247, 5.41, 4533, 582, 3507, 629, 114, 56, 573, 5.518, 2.44, 8.903
11549_III.txt, 4.089, 4.044, 4.775, 5.43, 4.13, 16100, 2189, 12474, 2361, 316, 117, 2244, 7.472, 2.269, 4.956
11549_IV.txt, 6.732, 7.171, 6.25, 7.165, 6.947, 18519, 2422, 14780, 2667, 227, 147, 2520, 11.749, 2.359, 5.512
11549_IX.txt, 5.289, 5.611, 5.33, 6.031, 5.676, 13451, 1759, 10520, 1912, 236, 108, 1804, 8.102, 2.339, 5.649
11549_V.txt, 5.058, 5.504, 5.622, 6.448, 5.158, 28731, 3889, 22418, 4201, 422, 221, 3980, 9.955, 2.281, 5.261
11549_VI.txt, 4.644, 4.03, 5.126, 5.495, 5.003, 30866, 4138, 23639, 4307, 717, 272, 4035, 6.007, 2.34, 6.315
11549_VII.txt, 5.411, 4.684, 5.154, 5.712, 5.109, 43868, 5834, 33625, 6155, 885, 363, 5792, 6.955, 2.373, 5.898
11549_VIII.txt, 4.992, 4.375, 4.545, 5.07, 5.172, 6874, 906, 5266, 957, 152, 49, 908, 6.296, 2.358, 5.12
11549_X.txt, 4.906, 4.692, 4.949, 5.578, 4.941, 23026, 3103, 17622, 3251, 445, 174, 3077, 7.306, 2.33, 5.352
11549_XI.txt, 3.941, 3.482, 4.393, 4.956, 4.034, 18299, 2491, 13957, 2627, 406, 125, 2502, 6.47, 2.281, 4.758
11549_XII.txt, 2.327, 0.867, 3.425, 3.826, 2.88, 20045, 2756, 15030, 2886, 614, 112, 2774, 4.7, 2.207, 3.881
253978_12-bratev.txt, 5.691, 4.706, 6.701, 6.266, 4.95, 10579, 1777, 8233, 1687, 87, 43, 1644, 19.391, 2.114, 2.549
253978_12-ohotnikov.txt, 5.245, 4.607, 6.529, 6.702, 4.499, 5804, 977, 4495, 917, 53, 30, 887, 17.302, 2.13, 3.272
253978_3-chelovechka.txt, 5.053, 4.356, 5.977, 5.656, 4.192, 10468, 1798, 8086, 1664, 97, 39, 1625, 17.155, 2.12, 2.344
253978_3-pryahi.txt, 6.079, 4.766, 6.919, 6.212, 5.23, 4540, 778, 3508, 720, 35, 17, 703, 20.571, 2.115, 2.361
253978_3-ptichki.txt, 3.815, 3.76, 5.495, 5.116, 3.353, 6621, 1129, 5113, 1070, 67, 22, 1048, 15.97, 2.059, 2.056
253978_3-schastlivchika.txt, 5.944, 5.3, 6.91, 6.852, 5.562, 5920, 989, 4655, 932, 49, 29, 903, 19.02, 2.141, 3.112
253978_3-yazyka.txt, 5.692, 4.393, 6.807, 6.526, 4.58, 4929, 847, 3821, 792, 41, 22, 770, 19.317, 2.116, 2.778
253978_3-zmeinyh-listika.txt, 5.884, 5.376, 6.81, 6.193, 5.835, 7422, 1261, 5814, 1165, 58, 28, 1137, 20.086, 2.112, 2.403
253978_6-lebedei.txt, 6.036, 4.645, 6.799, 6.479, 4.879, 10505, 1809, 8214, 1687, 87, 46, 1641, 19.391, 2.139, 2.727
253978_bednyak-i-bogach.txt, 4.284, 3.78, 5.968, 4.776, 3.792, 8041, 1406, 6210, 1315, 70, 20, 1295, 18.786, 2.029, 1.521
253978_belaya-zmeya.txt, 6.222, 4.979, 7.117, 6.63, 5.487, 8374, 1426, 6589, 1342, 65, 36, 1306, 20.646, 2.124, 2.683
253978_brat-veselchak.txt, 1.958, 2.848, 4.461, 3.949, 2.073, 18111, 3169, 13579, 2896, 216, 42, 2854, 13.407, 1.985, 1.45
253978_bratets-i-sestritsa.txt, 4.879, 4.143, 6.202, 5.464, 4.182, 12013, 2046, 9294, 1940, 104, 39, 1901, 18.654, 2.074, 2.01
253978_bremenkie-muzykanty.txt, 2.742, 3.412, 4.453, 4.204, 2.687, 6225, 1073, 4755, 988, 77, 17, 971, 12.831, 2.054, 1.721
253978_chert-c-tremya-zolotymi-voloskami.txt, 3.691, 4.031, 5.441, 5.476, 3.528, 13701, 2372, 10483, 2157, 146, 55, 2102, 14.774, 2.077, 2.55
253978_devushka-bez-ruk.txt, 4.192, 3.39, 5.692, 4.892, 3.121, 11639, 2048, 8933, 1909, 110, 33, 1876, 17.355, 2.054, 1.729
253978_dikovinnaya-ptitsa.txt, 5.59, 4.532, 6.786, 6.302, 4.812, 7377, 1292, 5734, 1184, 60, 30, 1154, 19.733, 2.1, 2.534
253978_ditya-marii.txt, 6.905, 5.789, 6.397, 6.492, 5.827, 9079, 1472, 7126, 1392, 81, 43, 1349, 17.185, 2.249, 3.089
253978_domovye.txt, 7.687, 5.974, 7.516, 7.056, 6.817, 5940, 968, 4731, 932, 43, 27, 905, 21.674, 2.204, 2.897
253978_druzhba-koshki-i-myshki.txt, 3.256, 4.365, 4.023, 4.247, 3.822, 4922, 811, 3743, 733, 71, 16, 717, 10.324, 2.146, 2.183
253978_dva-brata.txt, 4.813, 4.247, 6.337, 5.542, 4.382, 43590, 7480, 33805, 7041, 368, 142, 6899, 19.133, 2.058, 2.017
253978_frider-i-katerlizhen.txt, 3.295, 3.137, 5.164, 4.969, 2.498, 11507, 1996, 8674, 1845, 126, 39, 1806, 14.643, 2.052, 2.114
253978_gans-zhenitsya.txt, 4.584, 3.991, 6.459, 6.135, 3.979, 2197, 379, 1673, 351, 19, 9, 342, 18.474, 2.057, 2.564
253978_gansl-igrok.txt, 0.839, 2.05, 4.732, 3.786, 1.286, 5053, 882, 3754, 835, 56, 10, 825, 14.911, 1.873, 1.198
253978_genzel-i-gretel.txt, 3.89, 4.01, 5.138, 4.761, 3.526, 14735, 2512, 11271, 2324, 155, 44, 2280, 14.994, 2.086, 1.893
253978_gospodin-korbs.txt, 5.578, 6.221, 4.388, 3.909, 5.897, 1891, 305, 1466, 276, 21, 4, 272, 13.143, 2.246, 1.449
253978_gospodin-kum.txt, 2.589, 3.481, 5.288, 5.416, 2.84, 3353, 585, 2558, 535, 38, 14, 521, 14.079, 2.015, 2.617
253978_gospozha-metelitsa.txt, 5.777, 4.139, 6.356, 5.668, 4.233, 6075, 1031, 4722, 987, 52, 21, 966, 18.981, 2.13, 2.128
253978_gospozha-trude.txt, 2.846, 2.614, 4.736, 5.154, 1.765, 1563, 277, 1139, 241, 21, 7, 234, 11.476, 2.091, 2.905
253978_gusyatnitsa.txt, 7.212, 5.307, 7.127, 5.981, 6.114, 11117, 1845, 8699, 1757, 80, 36, 1721, 21.962, 2.164, 2.049
253978_gvozdichka.txt, 6.374, 4.947, 6.874, 5.642, 5.594, 9402, 1605, 7330, 1498, 70, 28, 1470, 21.4, 2.117, 1.869
253978_heobyknovennyi-muzykant.txt, 3.597, 4.536, 4.997, 5.309, 3.96, 5394, 894, 4130, 822, 65, 23, 799, 12.646, 2.118, 2.798
253978_hlamushka.txt, 5.858, 4.72, 6.128, 4.992, 4.922, 5859, 995, 4491, 919, 48, 15, 904, 19.146, 2.132, 1.632
253978_hrabryi-portnyazhka.txt, 3.716, 4.12, 5.352, 5.111, 3.68, 16992, 2894, 13138, 2702, 177, 58, 2644, 15.266, 2.068, 2.147
253978_iorinda-i-ioringel.txt, 5.655, 5.766, 5.785, 5.838, 5.597, 5051, 824, 3951, 767, 49, 21, 746, 15.653, 2.196, 2.738
253978_kolokolchik.txt, 5.458, 5.037, 5.718, 5.581, 4.81, 7095, 1188, 5531, 1104, 69, 27, 1077, 16.0, 2.174, 2.446
253978_korol-c-zolotoi-gory.txt, 4.32, 3.531, 6.177, 5.294, 3.519, 12385, 2165, 9520, 2036, 108, 38, 1998, 18.852, 2.03, 1.866
253978_korol-drozdoborod.txt, 3.751, 4.165, 5.318, 5.28, 3.669, 9280, 1578, 7161, 1465, 100, 35, 1430, 14.65, 2.084, 2.389
253978_korol-lyagushonok.txt, 4.849, 5.189, 4.998, 4.646, 4.825, 7043, 1137, 5468, 1077, 74, 20, 1057, 14.554, 2.163, 1.857
253978_kotomka.txt, 4.63, 4.458, 6.016, 5.803, 4.285, 11896, 2037, 9211, 1887, 111, 47, 1840, 17.0, 2.093, 2.491
253978_krasnaya-shapochka.txt, 3.717, 3.819, 5.047, 4.471, 3.325, 5787, 994, 4373, 909, 60, 15, 894, 15.15, 2.07, 1.65
253978_lis-i-gospozha-kuma.txt, 6.789, 5.422, 7.041, 6.898, 5.8, 1903, 317, 1472, 294, 15, 9, 285, 19.6, 2.187, 3.061
253978_lis-i-gusi.txt, 5.044, 3.97, 8.617, 8.386, 5.033, 1332, 229, 1016, 217, 9, 8, 209, 24.111, 1.963, 3.687
253978_lis-i-koshka.txt, 2.645, 2.685, 4.116, 4.728, 2.379, 1332, 223, 996, 200, 25, 7, 193, 8.0, 2.155, 3.5
253978_malchik-s-palchik.txt, 3.091, 3.949, 4.368, 3.855, 3.312, 11487, 1956, 8699, 1776, 135, 25, 1751, 13.156, 2.071, 1.408
253978_milyi-roland.txt, 5.431, 4.874, 5.8, 5.006, 4.854, 7828, 1314, 6105, 1235, 70, 22, 1213, 17.643, 2.135, 1.781
253978_molodoi-velikan.txt, 3.765, 3.834, 5.904, 5.712, 3.526, 14319, 2458, 11051, 2314, 139, 57, 2257, 16.647, 2.04, 2.463
253978_muzhichonka.txt, 3.256, 3.879, 4.815, 4.849, 3.23, 10872, 1840, 8251, 1688, 129, 38, 1650, 13.085, 2.084, 2.251
253978_nahodchivaya-gretel.txt, 2.38, 3.007, 4.277, 3.744, 2.23, 5105, 868, 3859, 815, 63, 11, 804, 12.937, 2.026, 1.35
253978_nevesta-zaichika.txt, 1.689, 2.911, 4.08, 3.334, 2.113, 2336, 401, 1748, 370, 29, 4, 366, 12.759, 1.981, 1.081
253978_noyushiy-i-prygayushiy.txt, 6.861, 4.339, 8.344, 7.246, 5.701, 12321, 2142, 9574, 2021, 80, 53, 1968, 25.262, 2.065, 2.622
253978_o-myshke.txt, 5.518, 4.996, 6.403, 5.944, 5.15, 3186, 532, 2488, 503, 27, 12, 491, 18.63, 2.119, 2.386
253978_o-rybake-i-ego-zhene.txt, 1.581, 1.977, 4.016, 3.966, 1.049, 14574, 2617, 10784, 2331, 209, 41, 2290, 11.153, 2.009, 1.759
253978_o-smerti-kurochki.txt, 5.689, 5.267, 5.937, 5.991, 5.08, 3232, 526, 2515, 498, 31, 14, 484, 16.065, 2.189, 2.811
253978_pes-i-vorobei.txt, 2.267, 3.423, 4.106, 3.932, 2.682, 6235, 1060, 4726, 972, 83, 16, 956, 11.711, 2.045, 1.646
253978_pestraya-shkurka.txt, 5.436, 4.592, 6.544, 5.474, 4.964, 11713, 1993, 9106, 1879, 93, 35, 1844, 20.204, 2.078, 1.863
253978_podzemnyi-chelovechek.txt, 4.968, 4.528, 6.216, 4.656, 4.86, 8664, 1472, 6782, 1402, 70, 19, 1383, 20.029, 2.049, 1.355
253978_portnoi-v-rayu.txt, 2.726, 3.846, 5.623, 5.09, 3.539, 4132, 713, 3182, 666, 40, 13, 653, 16.65, 1.967, 1.952
253978_poyushaya-kostochka.txt, 4.903, 5.309, 5.651, 4.937, 5.266, 3944, 656, 3096, 615, 36, 11, 604, 17.083, 2.111, 1.789
253978_ptichiy-naidenysh.txt, 2.514, 2.708, 4.407, 2.818, 2.025, 4636, 819, 3487, 755, 51, 5, 750, 14.804, 1.993, 0.662
253978_puteshestvie-malchika-s-palchika.txt, 4.247, 4.778, 5.452, 5.245, 4.45, 8403, 1405, 6460, 1298, 84, 29, 1269, 15.452, 2.101, 2.234
253978_razumnyi-gans.txt, 0, 0, 1.875, 2.109, 0, 5134, 877, 3325, 721, 166, 9, 712, 4.343, 1.942, 1.248
253978_rusalka.txt, 6.983, 5.914, 5.169, 2.716, 6.078, 1291, 212, 1010, 197, 11, 1, 196, 17.909, 2.239, 0.508
253978_sbrod-oborvantsev.txt, 5.461, 4.079, 6.542, 4.814, 4.566, 4015, 687, 3113, 657, 31, 9, 648, 21.194, 2.058, 1.37
253978_schastlivchik-gans.txt, 2.898, 3.18, 4.884, 4.41, 2.532, 9979, 1737, 7584, 1609, 111, 27, 1582, 14.495, 2.027, 1.678
253978_sem-voronov.txt, 6.151, 5.163, 7.31, 7.221, 5.612, 4853, 810, 3797, 767, 38, 25, 742, 20.184, 2.129, 3.259
253978_shipovnichek.txt, 9.36, 7.465, 8.773, 8.792, 8.955, 7153, 1137, 5709, 1073, 45, 44, 1029, 23.844, 2.273, 4.101
253978_skazka-o-tom-kto.txt, 1.431, 2.812, 3.566, 3.509, 2.094, 17783, 2957, 13557, 2797, 281, 43, 2754, 9.954, 2.026, 1.537
253978_skazka-o-zakoldovannom-dereve.txt, 2.627, 2.81, 4.691, 4.039, 2.095, 14691, 2569, 11114, 2389, 167, 34, 2355, 14.305, 2.013, 1.423
253978_smert-kuma.txt, 3.913, 4.054, 5.98, 5.617, 3.863, 6302, 1092, 4807, 1001, 58, 23, 978, 17.259, 2.037, 2.298
253978_snegurochka.txt, 5.93, 5.67, 6.033, 6.302, 5.486, 16301, 2621, 12682, 2470, 158, 79, 2391, 15.633, 2.215, 3.198
253978_solominka-ugolek-i-bob.txt, 6.232, 5.814, 7.028, 7.006, 6.183, 2642, 439, 2054, 404, 21, 13, 391, 19.238, 2.156, 3.218
253978_staryi-ded-i-vnuchek.txt, 4.698, 4.536, 6.761, 6.803, 4.577, 1382, 234, 1071, 220, 12, 7, 213, 18.333, 2.068, 3.182
253978_staryi-sultan.txt, 4.283, 3.794, 6.354, 5.963, 3.734, 4282, 746, 3299, 697, 38, 17, 680, 18.342, 2.039, 2.439
253978_stolik-sam-nakroisya.txt, 2.575, 3.569, 4.589, 4.651, 2.852, 19041, 3251, 14446, 2973, 240, 65, 2908, 12.387, 2.052, 2.186
253978_svadba-gospozhi-lisitsy.txt, 3.414, 3.822, 4.624, 4.471, 3.164, 3709, 609, 2805, 575, 44, 11, 564, 13.068, 2.096, 1.913
253978_tri-peryshka.txt, 5.3, 5.175, 6.343, 6.652, 5.009, 5435, 885, 4268, 849, 52, 29, 820, 16.327, 2.155, 3.416
253978_tsaritsa-pchel.txt, 7.617, 5.813, 7.997, 6.765, 7.222, 4049, 682, 3198, 638, 26, 15, 623, 24.538, 2.135, 2.351
253978_udachnaya-torgovlya.txt, 2.358, 2.953, 4.737, 4.36, 2.224, 8703, 1497, 6582, 1403, 101, 24, 1379, 13.891, 2.003, 1.711
253978_umnaya-doch-krestyanina.txt, 4.524, 3.228, 6.352, 5.018, 3.391, 6862, 1208, 5267, 1145, 57, 18, 1127, 20.088, 2.017, 1.572
253978_umnaya-elza.txt, 2.039, 1.961, 5.292, 4.792, 1.269, 6863, 1239, 5101, 1144, 73, 21, 1123, 15.671, 1.941, 1.836
253978_vernyi-iogann.txt, 4.886, 4.829, 5.919, 5.409, 4.768, 16360, 2765, 12646, 2560, 147, 54, 2506, 17.415, 2.102, 2.109
253978_volk-i-chelovek.txt, 3.312, 3.82, 4.241, 2.657, 3.245, 2116, 368, 1591, 329, 23, 2, 327, 14.304, 2.061, 0.608
253978_volk-i-lis.txt, 1.838, 2.533, 4.723, 4.421, 1.732, 3783, 668, 2847, 616, 45, 11, 605, 13.689, 1.971, 1.786
253978_volk-i-semero-kozlyat.txt, 4.15, 4.49, 4.764, 3.82, 4.073, 5285, 885, 4073, 825, 55, 10, 815, 15.0, 2.104, 1.212
253978_vor-i-ego-uchitel.txt, 2.242, 2.95, 4.219, 3.537, 2.17, 3671, 648, 2771, 587, 45, 7, 580, 13.044, 2.014, 1.193
253978_voroniha.txt, 3.358, 3.276, 5.661, 4.821, 2.989, 10821, 1905, 8321, 1786, 103, 30, 1756, 17.34, 1.996, 1.68
253978_voshka-i-bloshka.txt, 4.367, 5.914, 3.623, 3.334, 5.558, 2229, 336, 1659, 309, 29, 4, 305, 10.655, 2.217, 1.294
253978_vshesterom.txt, 4.116, 4.538, 5.354, 4.915, 4.208, 10929, 1844, 8439, 1713, 109, 33, 1680, 15.716, 2.086, 1.926
253978_zagadka.txt, 6.094, 5.621, 6.305, 6.129, 5.711, 6305, 1047, 4941, 973, 55, 26, 947, 17.691, 2.181, 2.672
253978_zamarashka.txt, 6.126, 5.35, 6.007, 5.479, 5.404, 13931, 2304, 10857, 2159, 122, 46, 2113, 17.697, 2.183, 2.131
253978_zhenih-razboinik.txt, 3.526, 3.374, 5.472, 4.566, 3.041, 7111, 1240, 5473, 1168, 69, 18, 1150, 16.928, 2.017, 1.541
253978_zolotaya-ptitsa.txt, 6.07, 5.043, 6.817, 6.325, 5.411, 16620, 2828, 13016, 2638, 133, 67, 2571, 19.835, 2.131, 2.54
253978_zolotoi-gus.txt, 5.187, 3.957, 6.609, 4.794, 4.486, 8604, 1484, 6686, 1419, 66, 19, 1400, 21.5, 2.032, 1.339
253978_zolotye-deti.txt, 3.444, 3.391, 5.334, 4.355, 3.023, 10000, 1774, 7587, 1616, 97, 23, 1593, 16.66, 2.017, 1.423
253979_arest-poruchika-golaiti.txt, 6.541, 6.94, 6.284, 6.91, 6.84, 9864, 1550, 7808, 1449, 98, 59, 1390, 14.786, 2.277, 4.072
253979_begstvo-belyh-gusar.txt, 7.022, 7.497, 7.216, 8.267, 7.356, 17764, 2728, 14041, 2535, 191, 165, 2370, 13.272, 2.345, 6.509
253979_belyi-kotik.txt, 6.514, 6.441, 6.301, 6.712, 6.386, 36988, 5964, 28940, 5492, 347, 197, 5295, 15.827, 2.252, 3.587
253979_bizara-iz-puri.txt, 8.52, 8.219, 7.658, 8.667, 8.454, 9118, 1393, 7226, 1294, 80, 76, 1218, 16.175, 2.386, 5.873
253979_bratiya-maugli.txt, 4.413, 4.712, 4.659, 5.003, 4.151, 38437, 6381, 29384, 5759, 497, 156, 5603, 11.588, 2.199, 2.709
253979_chudo-purun-bhagata.txt, 9.004, 8.513, 7.879, 8.508, 9.257, 30114, 4630, 24033, 4311, 224, 205, 4106, 19.246, 2.351, 4.755
253979_dlya-otzyva.txt, 6.19, 6.731, 6.585, 7.546, 6.45, 15861, 2482, 12420, 2285, 185, 133, 2152, 12.351, 2.307, 5.821
253979_istoriya-muhammad-dina.txt, 7.935, 8.124, 7.106, 8.121, 8.114, 5993, 910, 4712, 837, 60, 50, 787, 13.95, 2.394, 5.974
253979_istrebitel.txt, 8.668, 8.964, 7.729, 8.842, 9.039, 8886, 1322, 7044, 1215, 90, 89, 1126, 13.5, 2.456, 7.325
253979_kak-v-dzhungli-prishel-strah.txt, 4.923, 5.087, 5.555, 5.957, 4.648, 31461, 5173, 24216, 4765, 345, 154, 4611, 13.812, 2.185, 3.232
253979_korolevskiy-ankas.txt, 4.852, 4.946, 4.877, 5.508, 4.461, 35574, 5824, 27297, 5253, 496, 189, 5064, 10.591, 2.252, 3.598
253979_kvikvern.txt, 9.145, 8.244, 7.747, 8.394, 8.873, 47510, 7286, 38062, 6878, 366, 326, 6552, 18.792, 2.371, 4.74
253979_lispet.txt, 8.095, 7.489, 7.241, 8.147, 7.574, 10122, 1571, 8012, 1467, 93, 78, 1389, 15.774, 2.365, 5.317
253979_lozhnyi-rassvet.txt, 6.106, 6.536, 6.169, 6.775, 6.359, 15593, 2460, 12320, 2315, 159, 92, 2223, 14.56, 2.252, 3.974
253979_malenkiy-tuman.txt, 7.096, 6.908, 6.497, 6.613, 7.131, 37933, 5965, 29873, 5617, 323, 178, 5439, 17.39, 2.258, 3.169
253979_mogilshiki.txt, 4.89, 5.412, 5.231, 5.737, 4.95, 43415, 7075, 33683, 6487, 522, 216, 6271, 12.427, 2.214, 3.33
253979_molodoi-zador.txt, 7.663, 7.64, 7.647, 8.582, 7.88, 15028, 2336, 12032, 2202, 131, 122, 2080, 16.809, 2.311, 5.54
253979_nashestvie-dzhunglei.txt, 5.518, 5.671, 5.248, 5.795, 5.242, 52223, 8473, 40514, 7722, 630, 266, 7456, 12.257, 2.262, 3.445
253979_ohota-pitona-kaa.txt, 5.853, 5.78, 5.514, 6.086, 5.384, 48918, 7885, 37806, 7213, 560, 261, 6952, 12.88, 2.272, 3.618
253979_podlog-v-banke.txt, 8.651, 8.113, 7.9, 8.93, 8.413, 13247, 2039, 10524, 1896, 113, 114, 1782, 16.779, 2.381, 6.013
253979_popravka-todsa.txt, 7.236, 7.774, 7.1, 8.121, 7.704, 11129, 1707, 8753, 1571, 114, 95, 1476, 13.781, 2.349, 6.047
253979_poschastlivilos.txt, 11.41, 10.251, 10.061, 11.448, 11.422, 10486, 1540, 8464, 1441, 71, 118, 1323, 20.296, 2.497, 8.189
253979_posledstviya.txt, 9.17, 9.174, 8.143, 9.318, 9.448, 10182, 1542, 8100, 1402, 91, 100, 1302, 15.407, 2.449, 7.133
253979_predislovie.txt, 11.854, 11.427, 10.244, 11.464, 11.958, 2118, 289, 1662, 268, 18, 30, 238, 14.889, 2.649, 11.194
253979_priyatel-moego-priyatelya.txt, 5.277, 5.869, 6.631, 7.535, 5.533, 10987, 1789, 8628, 1651, 120, 86, 1565, 13.758, 2.211, 5.209
253979_resslei-iz-ministerstva.txt, 8.275, 8.458, 7.967, 9.081, 8.703, 10431, 1590, 8285, 1471, 92, 96, 1375, 15.989, 2.373, 6.526
253979_rikki-tikki-tavi.txt, 4.696, 5.128, 4.965, 5.212, 4.638, 30330, 4947, 23301, 4546, 355, 121, 4425, 12.806, 2.192, 2.662
253979_ryzhie-sobaki.txt, 5.523, 5.662, 5.442, 5.939, 5.258, 48323, 7825, 37474, 7189, 550, 244, 6945, 13.071, 2.244, 3.394
253979_sais-miss-yughel.txt, 7.189, 7.777, 6.367, 6.633, 7.999, 11571, 1793, 9182, 1671, 101, 56, 1615, 16.545, 2.284, 3.351
253979_slugi-ee-velichestva.txt, 4.327, 5.014, 4.6, 5.088, 4.528, 30961, 5105, 23731, 4563, 425, 138, 4425, 10.736, 2.212, 3.024
253979_svinya.txt, 11.234, 11.239, 9.973, 11.397, 12.073, 15537, 2196, 12696, 2080, 119, 196, 1884, 17.479, 2.548, 9.423
253979_tigr-tigr.txt, 4.572, 5.087, 4.924, 5.261, 4.579, 33046, 5428, 25560, 4976, 403, 140, 4836, 12.347, 2.193, 2.814
253979_v-dome-seddhu.txt, 6.627, 6.887, 6.614, 7.39, 6.784, 14920, 2335, 11804, 2195, 148, 102, 2093, 14.831, 2.282, 4.647
253979_vesna.txt, 4.686, 5.011, 5.155, 5.686, 4.489, 40080, 6605, 30817, 6002, 497, 202, 5800, 12.076, 2.207, 3.366
253979_zabroshennyi.txt, 7.232, 7.359, 6.874, 7.841, 7.233, 17108, 2683, 13584, 2472, 179, 139, 2333, 13.81, 2.348, 5.623
253983_bobovoe-zernyshko.txt, 9.135, 10.348, 3.235, 1.784, 10.577, 2278, 319, 1783, 290, 26, 1, 289, 11.154, 2.541, 0.345
253983_glupyi-volk.txt, 0, 0.962, 2.827, 2.918, 0.598, 1816, 315, 1349, 286, 38, 4, 282, 7.526, 1.934, 1.399
253983_havroshechka.txt, 5.701, 5.725, 4.412, 4.734, 5.322, 4346, 698, 3333, 627, 57, 16, 611, 11.0, 2.303, 2.552
253983_kolobok.txt, 2.612, 2.699, 3.596, 1.692, 1.867, 2361, 419, 1717, 366, 29, 1, 365, 12.621, 2.049, 0.273
253983_kot-seryi-lob.txt, 0.86, 2.446, 3.28, 3.082, 1.739, 4146, 717, 3112, 647, 68, 8, 639, 9.515, 1.995, 1.236
253983_koza-dereza.txt, 2.974, 3.01, 3.53, 2.778, 2.223, 3095, 515, 2266, 471, 42, 4, 467, 11.214, 2.106, 0.849
253983_kurochka-ryaba.txt, 6.291, 5.453, 5.87, 6.64, 5.001, 815, 130, 587, 113, 9, 5, 108, 12.556, 2.31, 4.425
253983_lisa-i-volk.txt, 0.179, 0.382, 3.158, 3.176, 0, 3002, 538, 2179, 484, 56, 7, 477, 8.643, 1.967, 1.446
253983_malchik-s-palchik.txt, 0.802, 2.125, 2.174, 1.253, 1.949, 2675, 462, 1989, 403, 54, 1, 402, 7.463, 2.037, 0.248
253983_marya-morevna.txt, 3.207, 4.204, 3.917, 4.365, 3.837, 18513, 3022, 13842, 2678, 298, 71, 2607, 8.987, 2.173, 2.651
253983_mizgir.txt, 6.623, 6.418, 6.558, 6.898, 6.488, 1714, 278, 1321, 252, 15, 9, 243, 16.8, 2.238, 3.571
253983_muzhik-i-medved.txt, 0, 0.375, 1.929, 0.05, 0.146, 1348, 239, 989, 212, 30, 0, 212, 7.067, 1.958, 0.0
253983_muzhik-i-orel.txt, 3.615, 4.366, 4.36, 3.99, 3.773, 11861, 2025, 9029, 1811, 141, 28, 1783, 12.844, 2.115, 1.546
253983_po-shuchemu-velenyu.txt, 1.069, 0.83, 2.498, 2.346, 0.56, 8393, 1465, 6115, 1295, 178, 12, 1283, 7.275, 2.06, 0.927
253983_podi-tuda.txt, 2.696, 3.928, 4.354, 4.708, 3.293, 27612, 4619, 20845, 4165, 389, 108, 4057, 10.707, 2.098, 2.593
253983_puzyr-solomenka-lapot.txt, 3.181, 2.735, 4.284, 4.892, 2.921, 463, 74, 353, 69, 10, 3, 66, 6.9, 2.217, 4.348
253983_repka.txt, 0.268, 0.659, 2.303, 0.05, 0, 882, 144, 617, 135, 16, 0, 135, 8.438, 1.978, 0.0
253983_sestritsa-alenushka-i-bratets-ivanushka.txt, 4.314, 4.455, 3.441, 3.572, 4.107, 3896, 615, 2974, 571, 63, 10, 561, 9.063, 2.249, 1.751
253983_sivka-burka.txt, 0.879, 1.882, 3.426, 3.525, 1.165, 7136, 1242, 5318, 1123, 123, 19, 1104, 9.13, 2.005, 1.692
253983_skazka-ob-ivane-tsareviche-i-serom-volke.txt, 2.818, 3.543, 3.843, 4.274, 3.11, 10994, 1799, 8259, 1633, 184, 42, 1591, 8.875, 2.148, 2.572
253983_voina-gribov.txt, 1.877, 1.626, 2.293, 2.26, 1.944, 710, 118, 513, 103, 16, 1, 102, 6.438, 2.136, 0.971
253983_volk-i-kozlyata.txt, 4.826, 5.356, 3.891, 4.314, 5.132, 2734, 435, 2095, 390, 43, 10, 380, 9.07, 2.285, 2.564
255871_aeroport.txt, 0, 0, 2.354, 2.141, 0, 6066, 1127, 4493, 1002, 143, 8, 994, 7.007, 1.939, 0.798
255871_bashtan.txt, 0, 0, 2.311, 2.287, 0, 13324, 2394, 9847, 2120, 328, 21, 2099, 6.463, 1.988, 0.991
255871_detskii-sad.txt, 0.168, 0.472, 2.48, 2.479, 0.368, 23058, 4074, 17125, 3636, 530, 40, 3596, 6.86, 2.006, 1.1
255871_dom-u-babushki.txt, 0.346, 0.324, 2.156, 2.159, 0.815, 14444, 2517, 10621, 2203, 369, 21, 2182, 5.97, 2.039, 0.953
255871_dvorets-pionerov.txt, 0.977, 0.686, 2.436, 2.64, 1.152, 14889, 2586, 11013, 2261, 373, 32, 2229, 6.062, 2.081, 1.415
255871_k-vzroslym.txt, 0, 1.489, 3.883, 4.471, 1.322, 380, 63, 281, 58, 8, 2, 56, 7.25, 1.983, 3.448
255871_kak-my-ehali-v-kolhoz.txt, 0, 0, 2.101, 1.914, 0, 16045, 2910, 11696, 2536, 405, 18, 2518, 6.262, 1.963, 0.71
255871_kolhoz.txt, 0.944, 0.719, 2.124, 1.985, 1.065, 6855, 1187, 5039, 1039, 167, 8, 1031, 6.222, 2.075, 0.77
255871_krasnaya-armiya.txt, 1.183, 0.337, 3.591, 4.122, 0.825, 6492, 1147, 4755, 986, 165, 35, 951, 5.976, 2.097, 3.55
255871_kukuruza.txt, 0, 0, 2.35, 2.159, 0, 10573, 1906, 7840, 1710, 246, 14, 1696, 6.951, 1.972, 0.819
255871_les.txt, 0, 0, 1.918, 1.912, 0, 13929, 2541, 9947, 2173, 406, 18, 2155, 5.352, 1.974, 0.828
255871_metro.txt, 0, 0.086, 2.63, 2.812, 0.033, 3462, 631, 2556, 548, 82, 8, 540, 6.683, 1.954, 1.46
255871_moskva.txt, 0.364, 0.248, 2.789, 3.157, 0.567, 16498, 2923, 12165, 2549, 413, 51, 2498, 6.172, 2.035, 2.001
255871_na-dache-u-babushki.txt, 0.846, 0.86, 2.323, 2.374, 1.179, 8949, 1565, 6636, 1364, 217, 15, 1349, 6.286, 2.067, 1.1
255871_nevod.txt, 0, 0.049, 2.427, 1.749, 0, 14421, 2648, 10678, 2370, 298, 11, 2359, 7.953, 1.958, 0.464
255871_parohod.txt, 0, 0, 2.093, 1.836, 0, 32723, 5890, 24054, 5154, 809, 33, 5121, 6.371, 1.988, 0.64
255871_predstavlenie.txt, 0.414, 0.232, 2.168, 2.158, 0.655, 18536, 3261, 13745, 2868, 475, 27, 2841, 6.038, 2.042, 0.941
255871_sad.txt, 0.255, 0.116, 2.595, 2.691, 0, 9244, 1647, 6809, 1467, 213, 19, 1448, 6.887, 2.012, 1.295
255871_skotnyi-dvor.txt, 0.272, 0.471, 2.112, 1.648, 0.425, 10531, 1842, 7822, 1656, 245, 8, 1648, 6.759, 2.016, 0.483
255871_stado.txt, 0.133, 0.336, 2.161, 1.517, 0.065, 4872, 877, 3617, 778, 109, 3, 775, 7.138, 1.997, 0.386
255871_zheleznaya-doroga.txt, 0.696, 0.962, 2.56, 2.716, 1.091, 29480, 5167, 21726, 4491, 682, 62, 4429, 6.585, 2.049, 1.381
255871_zoosad.txt, 0, 0, 2.137, 1.875, 0, 47696, 8797, 34837, 7626, 1173, 50, 7576, 6.501, 1.963, 0.656
255922.txt, 6.271, 5.685, 7.161, 5.922, 6.594, 40647, 6661, 30314, 6043, 272, 120, 5923, 22.217, 2.092, 1.986
436507_aganka.txt, 1.569, 1.586, 3.185, 3.533, 1.335, 5510, 781, 4189, 866, 116, 18, 848, 7.466, 2.091, 2.079
436507_bednyi-topsik.txt, 5.716, 5.432, 4.547, 5.215, 5.252, 7635, 987, 6062, 1123, 126, 43, 1080, 8.913, 2.351, 3.829
436507_bez-serdtsa.txt, 5.497, 5.802, 5.255, 6.032, 5.511, 5541, 709, 4410, 817, 83, 38, 779, 9.843, 2.315, 4.651
436507_blagodetel.txt, 6.246, 6.755, 5.939, 6.652, 6.51, 9262, 1213, 7438, 1376, 104, 58, 1318, 13.231, 2.291, 4.215
436507_chudovishe.txt, 3.425, 3.806, 4.035, 4.482, 3.317, 11515, 1595, 9040, 1783, 191, 48, 1735, 9.335, 2.18, 2.692
436507_dve-elki.txt, 8.141, 7.968, 5.679, 6.47, 7.855, 4490, 575, 3648, 641, 55, 29, 612, 11.655, 2.46, 4.524
436507_ekzamen.txt, 6.745, 5.596, 5.002, 5.723, 5.259, 9311, 1192, 7262, 1357, 136, 56, 1301, 9.978, 2.399, 4.127
436507_gime.txt, 7.536, 7.085, 5.858, 6.636, 6.855, 13946, 1816, 11212, 2040, 164, 91, 1949, 12.439, 2.4, 4.461
436507_grafinya-zozo.txt, 5.946, 6.062, 4.608, 4.969, 5.692, 3237, 420, 2561, 478, 42, 13, 465, 11.381, 2.312, 2.72
436507_lidochka.txt, 6.408, 6.247, 5.453, 6.227, 5.916, 19343, 2504, 15132, 2797, 254, 124, 2673, 11.012, 2.353, 4.433
436507_malchishka.txt, 6.447, 6.184, 5.909, 6.753, 5.941, 11402, 1450, 9017, 1650, 167, 96, 1554, 9.88, 2.381, 5.818
436507_nedelya-rusalochki.txt, 2.856, 2.561, 3.88, 4.464, 2.465, 16561, 2287, 12846, 2559, 345, 86, 2473, 7.417, 2.183, 3.361
436507_predatelnitsa.txt, 2.931, 1.593, 2.778, 3.141, 2.103, 3672, 480, 2785, 555, 90, 11, 544, 6.167, 2.216, 1.982
436507_priklyucheniya-mishki.txt, 4.905, 5.117, 4.924, 5.599, 4.678, 26657, 3615, 21157, 4035, 391, 154, 3881, 10.32, 2.262, 3.817
436507_prividenie.txt, 4.483, 3.833, 4.502, 5.176, 3.629, 6291, 833, 4903, 948, 116, 39, 909, 8.172, 2.281, 4.114
436507_sinichka.txt, 8.749, 7.496, 6.325, 6.659, 7.633, 7481, 982, 6003, 1101, 68, 38, 1063, 16.191, 2.401, 3.451
436507_tanyusha.txt, 5.411, 3.56, 4.475, 5.05, 4.032, 8927, 1128, 6909, 1302, 197, 63, 1239, 6.609, 2.381, 4.839
436507_tolko-dlya-bednyh.txt, 5.72, 5.368, 3.975, 4.44, 5.149, 4509, 586, 3553, 661, 73, 18, 643, 9.055, 2.348, 2.723
436507_v-gosti-k-babushke.txt, 6.66, 6.018, 5.436, 6.158, 6.067, 23064, 2883, 18329, 3300, 396, 189, 3111, 8.333, 2.43, 5.727
436507_volchonok.txt, 4.953, 5.19, 4.66, 5.272, 4.789, 36035, 4834, 28402, 5386, 536, 187, 5199, 10.049, 2.272, 3.472
436507_yunga.txt, 5.722, 5.88, 4.635, 5.269, 5.612, 4430, 550, 3489, 644, 66, 23, 621, 9.758, 2.332, 3.571
436508_charodei-golod.txt, 4.112, 4.01, 3.334, 3.659, 3.886, 7970, 1060, 6265, 1200, 150, 25, 1175, 8.0, 2.258, 2.083
436508_chudesnaya-zvezdochka.txt, 4.948, 5.434, 4.655, 5.351, 5.354, 8850, 1144, 7068, 1301, 153, 55, 1246, 8.503, 2.306, 4.228
436508_doch-skazki.txt, 6.497, 6.474, 5.945, 6.764, 6.157, 15579, 2081, 12519, 2322, 189, 109, 2213, 12.286, 2.33, 4.694
436508_dul-dul.txt, 4.094, 5.058, 4.777, 5.399, 4.609, 22852, 3070, 18179, 3475, 336, 123, 3352, 10.342, 2.205, 3.54
436508_feya-v-medvezhei-berloge.txt, 5.992, 6.178, 5.194, 5.721, 5.819, 15572, 2109, 12524, 2345, 192, 79, 2266, 12.214, 2.296, 3.369
436508_galina-pravda.txt, 4.895, 4.694, 4.151, 4.395, 4.174, 18232, 2517, 14467, 2809, 265, 64, 2745, 10.6, 2.255, 2.278
436508_gertsog-nad-zveryami.txt, 2.73, 3.131, 3.825, 4.175, 2.563, 9985, 1407, 7796, 1574, 170, 37, 1537, 9.259, 2.133, 2.351
436508_korol-s-raskrashennoi-kartinki.txt, 5.641, 6.327, 4.899, 5.482, 6.007, 22331, 2937, 18052, 3328, 302, 114, 3214, 11.02, 2.298, 3.425
436508_mech-korolevy.txt, 6.141, 6.167, 4.97, 5.277, 5.814, 8568, 1140, 6904, 1297, 103, 36, 1261, 12.592, 2.298, 2.776
436508_melnik-nartsiss.txt, 5.447, 6.287, 4.968, 5.679, 6.043, 12614, 1648, 10135, 1851, 185, 75, 1776, 10.005, 2.307, 4.052
436508_podarok-fei.txt, 6.169, 6.186, 5.69, 6.474, 5.826, 9818, 1286, 7897, 1473, 125, 66, 1407, 11.784, 2.318, 4.481
436508_skazka-o-krasote.txt, 4.784, 4.88, 4.838, 5.528, 4.466, 12837, 1741, 10166, 1943, 198, 76, 1867, 9.813, 2.265, 3.911
436508_skazka-pro-ivana.txt, 1.917, 3.293, 3.602, 3.851, 2.783, 6908, 979, 5396, 1080, 119, 22, 1058, 9.076, 2.08, 2.037
436508_tri-slezinki-korolevny.txt, 7.716, 7.728, 5.764, 6.391, 7.62, 15703, 2026, 12824, 2298, 173, 89, 2209, 13.283, 2.394, 3.873
436508_tsarevna-ldinka.txt, 4.835, 5.595, 4.854, 5.376, 5.164, 16846, 2270, 13444, 2547, 226, 82, 2465, 11.27, 2.236, 3.219
436508_veseloe-tsarstvo.txt, 4.736, 4.616, 3.8, 4.329, 4.579, 9514, 1228, 7459, 1399, 175, 41, 1358, 7.994, 2.302, 2.931
436508_volshebnyi-obi.txt, 6.248, 5.862, 5.197, 5.941, 5.516, 15491, 2024, 12491, 2325, 223, 99, 2226, 10.426, 2.354, 4.258
436508_vstuplenie.txt, 3.169, 3.086, 4.395, 4.845, 2.364, 2206, 319, 1715, 352, 34, 10, 342, 10.353, 2.139, 2.841
436508_zhivaya-perchatka.txt, 5.512, 5.734, 4.751, 4.594, 5.359, 9201, 1268, 7418, 1423, 106, 28, 1395, 13.425, 2.235, 1.968
436520_bosonozhka-ninon.txt, 8.182, 7.922, 6.163, 7.036, 7.88, 15823, 1963, 12538, 2177, 213, 133, 2044, 10.221, 2.495, 6.109
436520_dva-sochelnika.txt, 7.273, 6.85, 6.273, 7.11, 6.718, 9438, 1207, 7520, 1344, 138, 88, 1256, 9.739, 2.442, 6.548
436520_korrektorsha-varkunina.txt, 7.752, 7.281, 6.333, 7.259, 7.071, 30716, 3957, 24698, 4447, 373, 248, 4199, 11.922, 2.427, 5.577
436520_malya.txt, 6.785, 6.127, 5.262, 5.937, 5.764, 7450, 987, 5952, 1109, 97, 43, 1066, 11.433, 2.37, 3.877
436520_masterskaya-madam-pike.txt, 8.493, 7.941, 7.208, 8.255, 7.877, 100128, 12788, 81004, 14438, 1067, 919, 13519, 13.531, 2.443, 6.365
436520_mat.txt, 5.62, 5.433, 5.449, 6.253, 5.107, 8477, 1150, 6748, 1264, 130, 64, 1200, 9.723, 2.326, 5.063
436520_pervyi-den.txt, 7.487, 7.165, 6.535, 7.489, 6.943, 61813, 7957, 49627, 8994, 733, 519, 8475, 12.27, 2.4, 5.771
436520_pod-chuzhim-nebom.txt, 10.221, 8.75, 8.591, 9.801, 9.17, 11494, 1477, 9336, 1649, 97, 118, 1531, 17.0, 2.487, 7.156
436520_repetitor.txt, 7.926, 7.621, 6.979, 7.984, 7.513, 17783, 2297, 14270, 2570, 190, 153, 2417, 13.526, 2.403, 5.953
436520_volka.txt, 7.473, 7.592, 6.014, 6.768, 7.459, 12788, 1680, 10387, 1868, 142, 82, 1786, 13.155, 2.38, 4.39
436520_zolotaya-svirel.txt, 7.131, 7.384, 5.989, 6.857, 7.191, 26449, 3393, 21418, 3835, 329, 195, 3640, 11.657, 2.389, 5.085
437409_belyi-pudel.txt, 4.112, 3.937, 3.809, 4.354, 4.816, 59882, 8399, 46666, 8556, 1401, 332, 8224, 6.107, 2.301, 3.88
437409_boloto.txt, 6.484, 6.753, 6.002, 6.833, 6.621, 35790, 4968, 28545, 5112, 530, 312, 4800, 9.645, 2.388, 6.103
437409_konokrady.txt, 2.173, 1.765, 3.138, 3.623, 2.592, 50067, 7394, 38387, 7509, 1292, 211, 7298, 5.812, 2.171, 2.81
437409_mirnoe-zhitie.txt, 7.454, 7.716, 5.932, 6.698, 7.847, 25787, 3418, 20666, 3556, 398, 225, 3331, 8.935, 2.473, 6.327
437409_na-pokoe.txt, 5.123, 5.294, 5.032, 5.639, 5.683, 55563, 7722, 43867, 7912, 1101, 440, 7472, 7.186, 2.348, 5.561
437409_trus.txt, 6.071, 6.665, 5.521, 6.334, 6.493, 39067, 5455, 31288, 5633, 572, 289, 5344, 9.848, 2.355, 5.13
437409_vechernii-gost.txt, 6.755, 6.528, 7.331, 8.326, 6.413, 10517, 1521, 8457, 1595, 105, 92, 1503, 15.19, 2.283, 5.768
437410_allez.txt, 8.203, 8.176, 6.718, 7.675, 8.1, 9748, 1314, 7855, 1367, 121, 90, 1277, 11.298, 2.473, 6.584
437410_barbos-i-zhulka.txt, 7.444, 7.871, 6.784, 7.775, 7.751, 8059, 1111, 6555, 1163, 93, 71, 1092, 12.505, 2.392, 6.105
437410_breget.txt, 2.794, 3.169, 3.783, 4.343, 3.748, 14461, 2064, 11245, 2133, 335, 79, 2054, 6.367, 2.202, 3.704
437410_chudesnyi-doctor.txt, 6.525, 6.673, 5.232, 5.896, 7.013, 16315, 2203, 13086, 2283, 295, 129, 2154, 7.739, 2.434, 5.65
437410_detskii-sad.txt, 4.94, 4.044, 4.645, 5.076, 5.147, 9470, 1309, 7400, 1341, 229, 74, 1267, 5.856, 2.365, 5.518
437410_kapriz.txt, 6.286, 5.894, 4.575, 5.12, 6.792, 17136, 2285, 13661, 2374, 368, 121, 2253, 6.451, 2.446, 5.097
437410_lesnaya-glush.txt, 3.433, 3.456, 3.969, 4.566, 3.712, 53397, 7790, 41757, 7969, 1146, 299, 7670, 6.954, 2.234, 3.752
437410_nartsiss.txt, 5.461, 5.298, 4.914, 5.528, 5.7, 15667, 2212, 12317, 2220, 310, 119, 2101, 7.161, 2.372, 5.36
437410_odinochestvo.txt, 6.182, 6.229, 5.507, 6.302, 6.082, 19161, 2650, 15377, 2789, 300, 150, 2639, 9.297, 2.375, 5.378
437410_pervenets.txt, 6.268, 6.464, 5.751, 6.553, 6.351, 7859, 1087, 6296, 1133, 122, 66, 1067, 9.287, 2.381, 5.825
437410_pervyi-vstrechnyi.txt, 5.587, 5.467, 5.584, 6.311, 5.409, 19519, 2790, 15484, 2844, 337, 169, 2675, 8.439, 2.352, 5.942
437410_praporshik-armeiskii.txt, 4.585, 4.414, 4.716, 5.328, 4.756, 80311, 11317, 63299, 11716, 1664, 593, 11123, 7.041, 2.313, 5.061
437410_putanitsa.txt, 5.894, 6.41, 5.446, 6.138, 6.593, 16602, 2297, 13277, 2350, 291, 138, 2212, 8.076, 2.382, 5.872
441942.txt, 6.668, 6.093, 6.462, 7.329, 5.777, 13373, 1949, 10667, 2023, 149, 101, 1922, 13.577, 2.313, 4.993
441945_kak-ya-zabludilsya.txt, 2.056, 0.864, 3.408, 3.93, 1.122, 5604, 859, 4173, 860, 135, 26, 834, 6.37, 2.15, 3.023
441945_na-plyazhe.txt, 2.819, 2.088, 3.867, 4.421, 2.618, 5607, 824, 4287, 841, 135, 33, 808, 6.23, 2.207, 3.924
441945_o-zine-o-ede-o-korove.txt, 2.451, 2.191, 3.646, 4.029, 1.642, 4304, 666, 3279, 678, 79, 16, 662, 8.582, 2.128, 2.36
441945_osennii-kavardak.txt, 1.683, 0.782, 3.247, 3.732, 0.948, 4084, 660, 3065, 636, 98, 17, 619, 6.49, 2.121, 2.673
441945_pereezd-v-parizh.txt, 3.036, 2.329, 3.902, 4.493, 2.404, 4605, 678, 3485, 693, 99, 25, 668, 7.0, 2.205, 3.608
441945_proklyatyi-parohod.txt, 2.854, 2.287, 3.812, 4.388, 2.235, 5164, 782, 3903, 782, 108, 26, 756, 7.241, 2.187, 3.325
441945_raznye-voprosy.txt, 2.683, 2.462, 4.28, 4.923, 2.246, 3949, 584, 3014, 606, 79, 24, 582, 7.671, 2.165, 3.96
441945_stihi-kotyata-i-blohi.txt, 1.173, 1.338, 3.494, 3.896, 0.832, 3738, 587, 2815, 595, 74, 14, 581, 8.041, 2.05, 2.353
441945_v-tsyrke.txt, 3.897, 4.451, 4.721, 5.394, 4.01, 6590, 974, 5154, 997, 104, 38, 959, 9.587, 2.208, 3.811
441945_v-zoologicheskom-sadu.txt, 1.364, 1.428, 3.06, 3.422, 1.369, 4977, 763, 3754, 772, 110, 16, 756, 7.018, 2.087, 2.073
441945_vozvrashayus-v-parizh.txt, 1.973, 0.94, 2.786, 3.202, 1.778, 4466, 677, 3342, 670, 118, 15, 655, 5.678, 2.16, 2.239
441945_ya-odin.txt, 1.393, 1.537, 2.891, 3.082, 1.329, 4707, 720, 3631, 750, 102, 12, 738, 7.353, 2.081, 1.6
441946_ded-arhip-i-lenka.txt, 2.724, 3.311, 3.687, 4.151, 3.027, 38192, 5722, 29580, 5829, 711, 153, 5676, 8.198, 2.156, 2.625
441946_vstryaska.txt, 6.723, 7.113, 6.969, 7.786, 7.126, 13564, 1986, 10784, 1998, 128, 98, 1900, 15.609, 2.272, 4.905
441947.txt, 2.672, 4.025, 4.276, 4.701, 3.453, 22852, 3302, 17234, 3409, 336, 93, 3316, 10.146, 2.109, 2.728
441948.txt, 1.714, 2.772, 2.808, 2.859, 2.626, 16044, 2294, 12140, 2410, 317, 32, 2378, 7.603, 2.098, 1.328
441949.txt, 7.545, 7.977, 6.858, 7.838, 7.916, 23687, 3280, 18951, 3373, 250, 194, 3179, 13.492, 2.377, 5.752
441952_1.txt, 5.112, 5.169, 5.667, 6.285, 5.315, 10009, 1437, 7866, 1440, 187, 93, 1347, 7.701, 2.335, 6.458
441952_2.txt, 7.063, 7.83, 6.178, 7.055, 7.771, 17001, 2318, 13144, 2290, 223, 140, 2150, 10.269, 2.415, 6.114
441952_3.txt, 9.912, 9.213, 8.781, 9.995, 9.809, 6165, 852, 4985, 870, 49, 62, 808, 17.755, 2.448, 7.126
441952_4.txt, 8.347, 8.285, 6.949, 7.938, 8.216, 8247, 1109, 6586, 1146, 98, 78, 1068, 11.694, 2.474, 6.806
441952_5.txt, 8.931, 8.715, 7.868, 8.891, 9.095, 13771, 1901, 11186, 1976, 118, 118, 1858, 16.746, 2.402, 5.972
441953.txt, 2.605, 2.928, 4.261, 4.836, 2.362, 16532, 2549, 12237, 2483, 273, 80, 2403, 9.095, 2.128, 3.222
441954_emelya-ohotnik.txt, 5.058, 5.924, 4.896, 5.245, 5.529, 13719, 1992, 10869, 2053, 168, 58, 1995, 12.22, 2.23, 2.825
441954_vertel.txt, 3.876, 3.69, 3.42, 3.942, 4.262, 28522, 4098, 22197, 4150, 640, 124, 4026, 6.484, 2.276, 2.988
442069.txt, 5.637, 5.396, 5.068, 5.57, 6.144, 284607, 38865, 225539, 39951, 6077, 2369, 37582, 6.574, 2.398, 5.93
442069_bred.txt, 5.777, 6.282, 5.181, 5.811, 6.689, 15168, 2093, 12076, 2121, 285, 121, 2000, 7.442, 2.388, 5.705
442069_demir-kaya.txt, 4.406, 5.006, 4.929, 5.464, 4.488, 4809, 716, 3770, 730, 64, 24, 706, 11.406, 2.203, 3.288
442069_gambrinus.txt, 7.922, 8.204, 6.405, 7.329, 8.144, 47011, 6312, 37784, 6552, 596, 404, 6148, 10.993, 2.46, 6.166
442069_iskusstvo.txt, 8.727, 10.014, 5.634, 6.302, 10.72, 388, 50, 303, 48, 6, 3, 45, 8.0, 2.583, 6.25
442069_ispoliny.txt, 6.456, 6.79, 5.794, 6.441, 7.06, 8926, 1216, 7081, 1236, 155, 81, 1155, 7.974, 2.424, 6.553
442069_izumrud.txt, 8.063, 8.105, 7.024, 7.99, 8.132, 30872, 4252, 25088, 4471, 310, 250, 4221, 14.423, 2.393, 5.592
442069_kak-ya-byl-akterom.txt, 4.375, 4.483, 4.735, 5.353, 4.804, 53225, 7581, 41732, 7717, 1087, 391, 7326, 7.099, 2.297, 5.067
442069_legenda.txt, 4.192, 5.026, 3.84, 4.421, 5.356, 4468, 612, 3574, 651, 90, 22, 629, 7.233, 2.281, 3.379
442069_mehanicheskoe-pravosudie.txt, 10.225, 10.312, 8.843, 9.306, 10.648, 20184, 2559, 16544, 2660, 271, 297, 2363, 9.815, 2.648, 11.165
442069_melyuzga.txt, 4.966, 5.47, 4.716, 5.419, 5.397, 47199, 6649, 37350, 6866, 808, 298, 6568, 8.498, 2.307, 4.34
442069_obida.txt, 7.572, 8.039, 6.604, 7.438, 8.058, 32400, 4395, 25925, 4466, 454, 317, 4149, 9.837, 2.461, 7.098
442069_v-kazarme.txt, 7.0, 6.547, 5.391, 5.841, 7.44, 17122, 2309, 13587, 2322, 352, 151, 2171, 6.597, 2.493, 6.503
442076.txt, 6.239, 6.372, 5.725, 6.357, 6.636, 337115, 46445, 267805, 47252, 6034, 3071, 44181, 7.831, 2.412, 6.499
442076_na-perelome.txt, 6.506, 6.659, 5.864, 6.479, 6.96, 132743, 18177, 105694, 18481, 2358, 1247, 17234, 7.838, 2.431, 6.747
442076_osennie-tsvety.txt, 6.786, 7.1, 6.598, 7.56, 6.872, 18604, 2652, 14994, 2727, 219, 158, 2569, 12.452, 2.347, 5.794
442076_po-zakazu.txt, 9.792, 10.013, 8.711, 9.894, 10.266, 22190, 2947, 18119, 3034, 217, 269, 2765, 13.982, 2.524, 8.866
442076_pohod.txt, 6.332, 6.481, 5.582, 6.35, 6.455, 20058, 2793, 15921, 2847, 321, 163, 2684, 8.869, 2.395, 5.725
442076_putevye-kartinki.txt, 8.395, 8.875, 7.348, 8.392, 8.892, 22001, 3002, 17777, 3053, 246, 219, 2834, 12.411, 2.461, 7.173
442076_sentimentalnyi-roman.txt, 7.707, 7.525, 7.597, 8.681, 7.375, 17125, 2418, 13853, 2494, 192, 183, 2311, 12.99, 2.4, 7.338
442076_serebryanyi-volk.txt, 2.963, 3.902, 4.159, 4.507, 3.308, 16030, 2432, 12510, 2487, 244, 62, 2425, 10.193, 2.128, 2.493
442076_taper.txt, 7.967, 8.075, 6.533, 7.415, 8.049, 24608, 3352, 19618, 3392, 330, 229, 3163, 10.279, 2.479, 6.751
442076_tsaritsynskoe-pozharishe.txt, 4.29, 4.75, 4.77, 5.481, 4.537, 6167, 890, 4856, 917, 106, 40, 877, 8.651, 2.256, 4.362
442076_v-tsirke.txt, 7.395, 7.822, 6.65, 7.609, 7.693, 55191, 7649, 43726, 7706, 673, 492, 7214, 11.45, 2.412, 6.385
442081_pod-zemlei.txt, 5.301, 5.688, 4.575, 5.242, 5.509, 29267, 4192, 22717, 4182, 461, 159, 4023, 9.072, 2.318, 3.802
442081_volshebnik.txt, 5.686, 6.096, 5.405, 6.12, 6.179, 18039, 2537, 14452, 2592, 314, 148, 2444, 8.255, 2.363, 5.71
442082.txt, 3.439, 4.164, 4.7, 5.401, 3.861, 13735, 2020, 10450, 2015, 232, 85, 1930, 8.685, 2.196, 4.218
443051_bolezn.txt, 3.562, 4.631, 4.02, 3.831, 4.059, 6196, 928, 4806, 944, 82, 15, 929, 11.512, 2.141, 1.589
443051_chudesa.txt, 5.257, 5.581, 5.324, 5.132, 5.321, 11260, 1687, 8896, 1733, 115, 38, 1695, 15.07, 2.181, 2.193
443051_dyadya-i-plemyannik.txt, 7.463, 7.402, 6.116, 5.787, 7.718, 4519, 646, 3605, 667, 38, 16, 651, 17.553, 2.28, 2.399
443051_konets-skazki-o-krepkom-orehe.txt, 8.492, 8.528, 6.936, 7.585, 8.851, 10893, 1504, 8837, 1569, 95, 69, 1500, 16.516, 2.376, 4.398
443051_kukolnoe-tsarstvo.txt, 9.216, 8.283, 7.21, 7.522, 8.899, 7185, 1006, 5798, 1046, 56, 40, 1006, 18.679, 2.379, 3.824
443051_lyubimets.txt, 5.972, 5.735, 6.143, 5.817, 5.829, 5326, 798, 4223, 828, 47, 20, 808, 17.617, 2.174, 2.415
443051_pobeda.txt, 5.259, 5.807, 5.384, 5.456, 5.524, 10192, 1498, 8061, 1553, 107, 40, 1513, 14.514, 2.193, 2.576
443051_podarki.txt, 7.308, 7.597, 6.668, 7.155, 7.791, 5398, 786, 4332, 793, 48, 31, 762, 16.521, 2.293, 3.909
443051_prodolzhenie-skazki-o-krepkom-orehe.txt, 9.357, 9.004, 8.223, 8.891, 9.953, 7081, 995, 5770, 1021, 51, 51, 970, 20.02, 2.358, 4.995
443051_skazka-o-krepkom-orehe.txt, 8.878, 8.43, 7.597, 8.145, 9.091, 8764, 1211, 7126, 1280, 68, 57, 1223, 18.824, 2.352, 4.453
443051_sochelnik.txt, 9.068, 8.771, 7.889, 7.804, 10.013, 5891, 833, 4735, 848, 39, 30, 818, 21.744, 2.3, 3.538
443051_srazhenie.txt, 7.418, 7.924, 6.665, 7.455, 7.969, 6871, 969, 5548, 997, 67, 47, 950, 14.881, 2.337, 4.714
443051_stolitsa.txt, 9.232, 9.194, 6.843, 7.424, 9.618, 10855, 1473, 8777, 1526, 92, 64, 1462, 16.587, 2.427, 4.194
443051_zaklyuchenie.txt, 6.841, 6.595, 6.57, 6.557, 6.864, 8536, 1245, 6793, 1294, 72, 39, 1255, 17.972, 2.227, 3.014
443355_I-1.txt, 9.933, 9.284, 8.502, 9.492, 10.095, 8455, 1132, 6960, 1217, 64, 73, 1144, 19.016, 2.422, 5.998
443355_I-2.txt, 7.671, 7.722, 7.266, 8.047, 7.961, 16097, 2288, 13105, 2391, 143, 117, 2274, 16.72, 2.314, 4.893
443355_I-3.txt, 7.951, 7.253, 8.214, 9.13, 7.723, 8929, 1279, 7295, 1362, 73, 77, 1285, 18.658, 2.29, 5.653
443355_I-4.txt, 10.195, 9.249, 9.062, 10.275, 10.023, 10036, 1354, 8288, 1450, 77, 103, 1347, 18.831, 2.444, 7.103
443355_I-5.txt, 8.359, 8.013, 7.573, 8.235, 8.519, 7715, 1082, 6322, 1149, 63, 54, 1095, 18.238, 2.328, 4.7
443355_II-1.txt, 11.075, 10.16, 10.12, 11.43, 11.539, 10163, 1367, 8398, 1438, 67, 111, 1327, 21.463, 2.447, 7.719
443355_II-10.txt, 8.543, 8.237, 6.987, 7.341, 8.724, 3058, 439, 2486, 448, 25, 17, 431, 17.92, 2.348, 3.795
443355_II-11.txt, 9.732, 8.613, 9.17, 10.341, 9.44, 8296, 1132, 6804, 1218, 62, 84, 1134, 19.645, 2.393, 6.897
443355_II-12.txt, 8.825, 8.467, 8.122, 9.163, 8.908, 19066, 2640, 15605, 2786, 160, 170, 2616, 17.413, 2.379, 6.102
443355_II-2.txt, 9.505, 8.384, 9.26, 10.218, 9.515, 4503, 637, 3669, 665, 31, 41, 624, 21.452, 2.337, 6.165
443355_II-3.txt, 11.133, 10.412, 9.564, 10.878, 11.445, 2770, 365, 2296, 388, 20, 30, 358, 19.4, 2.497, 7.732
443355_II-4.txt, 11.832, 10.441, 10.574, 11.864, 12.189, 4600, 623, 3798, 647, 28, 50, 597, 23.107, 2.464, 7.728
443355_II-5.txt, 6.747, 7.356, 6.913, 7.77, 7.349, 8161, 1141, 6605, 1211, 80, 61, 1150, 15.137, 2.284, 5.037
443355_II-6.txt, 8.681, 8.872, 7.587, 8.544, 9.232, 10458, 1421, 8522, 1496, 91, 84, 1412, 16.44, 2.391, 5.615
443355_II-7.txt, 9.89, 9.112, 9.324, 10.551, 10.002, 7609, 1038, 6234, 1098, 56, 79, 1019, 19.607, 2.405, 7.195
443355_II-8.txt, 10.465, 9.608, 9.185, 10.376, 10.547, 23693, 3180, 19461, 3373, 173, 236, 3137, 19.497, 2.448, 6.997
443355_II-9.txt, 8.329, 8.08, 7.895, 8.678, 8.642, 7864, 1108, 6429, 1167, 63, 60, 1107, 18.524, 2.32, 5.141
443741.txt, 2.98, 2.627, 3.815, 4.391, 2.899, 576127, 85146, 440296, 85992, 12786, 3083, 82909, 6.725, 2.207, 3.585
453131_kapaluha.txt, 6.518, 7.007, 5.074, 5.82, 6.889, 3668, 487, 2973, 529, 54, 23, 506, 9.796, 2.388, 4.348
453131_melodiya-chaikovskogo.txt, 6.147, 6.647, 6.088, 6.982, 6.358, 8425, 1139, 6761, 1237, 109, 67, 1170, 11.349, 2.327, 5.416
453131_mnogoobrazie-voiny.txt, 11.04, 8.917, 9.05, 9.64, 10.36, 5308, 740, 4311, 770, 34, 40, 730, 22.647, 2.418, 5.195
453131_svyazistka.txt, 7.156, 7.192, 6.483, 7.29, 7.073, 33131, 4575, 26542, 4868, 343, 230, 4638, 14.192, 2.334, 4.725
453218.txt, 4.36, 4.155, 3.736, 4.304, 4.61, 46657, 6163, 36591, 6787, 1002, 232, 6555, 6.773, 2.303, 3.418
453238_1.txt, 5.691, 5.261, 4.559, 5.181, 5.701, 9835, 1409, 7584, 1366, 193, 65, 1301, 7.078, 2.39, 4.758
453238_10.txt, 3.152, 2.879, 3.006, 3.42, 3.344, 13059, 1944, 9973, 1917, 296, 43, 1874, 6.476, 2.225, 2.243
453238_2.txt, 3.976, 3.453, 4.123, 4.705, 3.938, 18245, 2660, 14043, 2653, 404, 112, 2541, 6.567, 2.281, 4.222
453238_3.txt, 3.295, 3.329, 3.644, 4.159, 3.259, 32911, 4950, 25326, 4929, 648, 140, 4789, 7.606, 2.21, 2.84
453238_4.txt, 2.794, 3.281, 3.493, 3.967, 3.244, 16417, 2480, 12588, 2449, 326, 64, 2385, 7.512, 2.176, 2.613
453238_5.txt, 3.796, 3.739, 3.973, 4.573, 3.938, 36499, 5429, 28009, 5317, 745, 195, 5122, 7.137, 2.255, 3.667
453238_6.txt, 4.159, 4.486, 3.87, 4.423, 4.441, 12612, 1804, 9857, 1856, 233, 57, 1799, 7.966, 2.262, 3.071
453238_7.txt, 2.531, 2.693, 3.233, 3.688, 2.912, 20451, 3094, 15486, 3026, 443, 75, 2951, 6.831, 2.173, 2.479
453238_8.txt, 1.457, 1.488, 2.823, 3.21, 2.025, 7380, 1137, 5509, 1100, 180, 23, 1077, 6.111, 2.114, 2.091
453238_9.txt, 2.805, 2.363, 3.565, 4.11, 2.735, 19399, 2920, 14648, 2870, 441, 93, 2777, 6.508, 2.2, 3.24
453312_1.txt, 3.84, 3.727, 4.542, 5.138, 4.092, 7293, 1104, 5577, 1051, 154, 51, 1000, 6.825, 2.265, 4.853
453312_2.txt, 3.232, 3.794, 3.761, 4.242, 3.547, 9265, 1393, 7225, 1402, 169, 38, 1364, 8.296, 2.19, 2.71
453312_3.txt, 4.179, 4.152, 3.875, 4.413, 3.994, 12556, 1886, 9823, 1878, 230, 56, 1822, 8.165, 2.259, 2.982
453312_4.txt, 2.472, 1.94, 3.256, 3.693, 1.922, 7394, 1158, 5567, 1125, 159, 27, 1098, 7.075, 2.164, 2.4
453312_5.txt, 2.39, 2.483, 2.949, 3.268, 2.606, 13817, 2092, 10628, 2099, 302, 40, 2059, 6.95, 2.161, 1.906
453313.txt, 3.767, 4.02, 3.8, 4.372, 4.185, 45275, 6701, 35078, 6618, 908, 217, 6401, 7.289, 2.25, 3.279
453314.txt, 4.401, 4.449, 3.954, 4.544, 4.492, 46264, 6832, 35800, 6716, 871, 225, 6491, 7.711, 2.285, 3.35
453315_1.txt, 3.415, 3.533, 3.347, 3.8, 3.659, 16675, 2528, 12787, 2450, 339, 61, 2389, 7.227, 2.227, 2.49
453315_2.txt, 5.128, 5.107, 4.008, 4.559, 4.99, 10126, 1477, 7881, 1466, 173, 45, 1421, 8.474, 2.319, 3.07
453315_3.txt, 4.663, 4.236, 3.912, 4.505, 4.47, 12931, 1938, 9870, 1845, 256, 65, 1780, 7.207, 2.315, 3.523
453315_4.txt, 4.756, 4.624, 4.456, 5.116, 4.701, 3602, 522, 2763, 515, 67, 22, 493, 7.687, 2.311, 4.272
453315_5.txt, 5.808, 6.064, 5.214, 5.971, 5.76, 11667, 1712, 9184, 1695, 165, 74, 1621, 10.273, 2.327, 4.366
453315_6.txt, 4.461, 3.9, 4.05, 4.644, 4.328, 9536, 1466, 7229, 1352, 200, 54, 1298, 6.76, 2.311, 3.994
453315_7.txt, 3.498, 2.672, 3.065, 3.54, 3.727, 3148, 466, 2326, 439, 77, 12, 427, 5.701, 2.267, 2.733
453316_1.txt, 3.223, 4.487, 3.651, 3.944, 4.15, 18075, 2702, 14090, 2701, 299, 58, 2643, 9.033, 2.173, 2.147
453316_10.txt, 5.657, 6.177, 4.698, 5.4, 6.162, 8724, 1258, 6822, 1228, 142, 52, 1176, 8.648, 2.353, 4.235
453316_2.txt, 7.055, 7.433, 6.795, 7.788, 7.251, 4021, 565, 3247, 584, 47, 36, 548, 12.426, 2.366, 6.164
453316_3.txt, 5.065, 5.054, 4.807, 5.523, 4.807, 10269, 1535, 7981, 1499, 167, 64, 1435, 8.976, 2.304, 4.27
453316_4.txt, 6.537, 6.635, 5.773, 6.538, 6.339, 5445, 793, 4326, 798, 65, 35, 763, 12.277, 2.333, 4.386
453316_5.txt, 5.224, 5.348, 4.862, 5.501, 5.673, 11512, 1659, 8979, 1622, 221, 84, 1538, 7.339, 2.351, 5.179
453316_6.txt, 5.576, 5.182, 4.383, 5.037, 5.107, 7614, 1116, 5961, 1104, 132, 42, 1062, 8.364, 2.353, 3.804
453316_7.txt, 4.423, 4.794, 3.635, 4.054, 4.672, 6637, 966, 5203, 976, 117, 24, 952, 8.342, 2.273, 2.459
453316_8.txt, 3.308, 3.251, 3.302, 3.769, 3.484, 16708, 2487, 12864, 2472, 356, 63, 2409, 6.944, 2.225, 2.549
453316_9.txt, 4.03, 4.97, 4.105, 4.686, 4.835, 12061, 1783, 9065, 1694, 200, 55, 1639, 8.47, 2.242, 3.247
453317_1.txt, 3.248, 2.82, 3.405, 3.913, 3.095, 10094, 1558, 7663, 1488, 220, 42, 1446, 6.764, 2.225, 2.823
453317_10.txt, 4.408, 4.362, 4.042, 4.652, 4.445, 10661, 1600, 8201, 1539, 203, 55, 1484, 7.581, 2.288, 3.574
453317_11.txt, 0.94, 1.094, 2.937, 3.369, 1.639, 5951, 953, 4450, 899, 149, 21, 878, 6.034, 2.079, 2.336
453317_12.txt, 3.217, 2.856, 3.538, 4.078, 3.381, 12682, 1961, 9617, 1845, 289, 60, 1785, 6.384, 2.231, 3.252
453317_13.txt, 2.847, 2.566, 3.302, 3.807, 3.117, 6201, 961, 4688, 906, 144, 26, 880, 6.292, 2.208, 2.87
453317_14.txt, 5.082, 5.499, 4.079, 4.66, 5.461, 6615, 961, 5215, 956, 114, 31, 925, 8.386, 2.318, 3.243
453317_15.txt, 3.914, 3.921, 4.161, 4.694, 3.485, 1742, 266, 1353, 265, 29, 8, 257, 9.138, 2.219, 3.019
453317_16.txt, 2.439, 2.546, 2.766, 3.03, 2.82, 1976, 304, 1507, 295, 44, 5, 290, 6.705, 2.169, 1.695
453317_17.txt, 3.714, 4.456, 3.727, 4.281, 4.642, 6711, 994, 5187, 966, 131, 30, 936, 7.374, 2.244, 3.106
453317_18.txt, 3.623, 2.858, 3.776, 4.29, 3.875, 4089, 631, 3069, 577, 100, 23, 554, 5.77, 2.274, 3.986
453317_19.txt, 4.803, 5.083, 3.907, 4.498, 5.506, 4068, 614, 3081, 558, 79, 20, 538, 7.063, 2.328, 3.584
453317_2.txt, 7.425, 7.736, 6.751, 7.707, 7.64, 3339, 475, 2704, 485, 36, 27, 458, 13.472, 2.369, 5.567
453317_3.txt, 4.631, 4.905, 3.835, 4.158, 4.555, 5662, 863, 4359, 828, 88, 19, 809, 9.409, 2.263, 2.295
453317_4.txt, 3.318, 3.741, 3.947, 4.514, 3.554, 8373, 1298, 6383, 1236, 153, 39, 1197, 8.078, 2.201, 3.155
453317_5.txt, 7.319, 6.912, 6.849, 7.822, 6.71, 6097, 884, 4863, 897, 66, 51, 846, 13.591, 2.359, 5.686
453317_6.txt, 4.747, 5.073, 4.744, 5.449, 4.824, 3667, 559, 2828, 531, 59, 22, 509, 9.0, 2.281, 4.143
453317_7.txt, 3.748, 3.627, 3.928, 4.523, 3.785, 8244, 1249, 6331, 1208, 168, 43, 1165, 7.19, 2.251, 3.56
453317_8.txt, 3.036, 3.69, 4.81, 5.511, 3.475, 4148, 634, 3187, 619, 76, 29, 590, 8.145, 2.179, 4.685
453317_9.txt, 3.094, 3.335, 3.518, 4.004, 3.318, 10351, 1626, 7905, 1534, 205, 41, 1493, 7.483, 2.198, 2.673
453318_brontya.txt, 4.373, 4.801, 5.132, 5.855, 4.689, 6538, 972, 5143, 964, 116, 50, 914, 8.31, 2.27, 5.187
453318_ob-odnom-prividenii.txt, 4.482, 3.22, 5.527, 6.09, 3.281, 7286, 1104, 5626, 1091, 150, 70, 1021, 7.273, 2.301, 6.416
453318_propavshie-gosti.txt, 5.021, 4.498, 5.305, 5.845, 4.889, 6577, 960, 5107, 941, 135, 58, 883, 6.97, 2.345, 6.164
453318_svoi-chelovek-v-proshlom.txt, 4.852, 5.451, 4.815, 5.533, 5.291, 4754, 711, 3726, 689, 78, 30, 659, 8.833, 2.292, 4.354
453318_tuteksy.txt, 6.065, 5.843, 5.897, 6.526, 5.993, 6887, 998, 5432, 977, 123, 66, 911, 7.943, 2.397, 6.755
453318_vmesto-predisloviya.txt, 6.73, 6.464, 5.819, 6.666, 6.153, 1916, 284, 1528, 281, 25, 14, 267, 11.24, 2.37, 4.982
453318_ya_nabirayu_nomer.txt, 3.254, 1.45, 4.267, 4.814, 1.859, 2592, 404, 1935, 389, 62, 18, 371, 6.274, 2.237, 4.627
453318_zastenchivyi-shusha.txt, 5.477, 5.266, 5.227, 5.915, 5.338, 6923, 1015, 5412, 992, 125, 55, 937, 7.936, 2.356, 5.544
453319.txt, 3.327, 2.208, 3.426, 3.88, 3.885, 426996, 63239, 323650, 60476, 11916, 2236, 58240, 5.075, 2.269, 3.697
453320.txt, 3.3, 2.897, 3.599, 4.137, 3.648, 312097, 47232, 237316, 45045, 7400, 1581, 43464, 6.087, 2.244, 3.51
453320_1.txt, 3.003, 2.293, 4.093, 4.591, 3.196, 9474, 1471, 7110, 1365, 235, 62, 1303, 5.809, 2.229, 4.542
453320_10.txt, 3.474, 3.151, 3.719, 4.282, 3.592, 10869, 1673, 8260, 1577, 240, 55, 1522, 6.571, 2.245, 3.488
453320_11.txt, 3.121, 3.237, 3.601, 4.138, 3.373, 7051, 1079, 5349, 1033, 145, 31, 1002, 7.124, 2.208, 3.001
453320_12.txt, 3.744, 3.733, 3.831, 4.413, 3.973, 14945, 2274, 11467, 2173, 308, 75, 2098, 7.055, 2.254, 3.451
453320_13.txt, 3.775, 4.241, 4.294, 4.938, 4.114, 20403, 3099, 15883, 3024, 373, 114, 2910, 8.107, 2.232, 3.77
453320_14.txt, 3.66, 3.541, 3.45, 3.959, 3.814, 12764, 1928, 9709, 1847, 266, 52, 1795, 6.944, 2.25, 2.815
453320_15.txt, 3.039, 2.94, 3.343, 3.847, 3.352, 13830, 2117, 10555, 2030, 309, 57, 1973, 6.57, 2.215, 2.808
453320_16.txt, 3.411, 3.574, 3.534, 4.015, 3.549, 8941, 1358, 6840, 1319, 174, 35, 1284, 7.58, 2.218, 2.654
453320_17.txt, 3.564, 3.618, 4.033, 4.629, 3.974, 12318, 1857, 9407, 1779, 261, 70, 1709, 6.816, 2.246, 3.935
453320_18.txt, 3.018, 2.346, 3.541, 4.074, 3.015, 9232, 1417, 6991, 1353, 222, 46, 1307, 6.095, 2.224, 3.4
453320_19.txt, 2.719, 3.041, 3.156, 3.608, 3.453, 12926, 1976, 9762, 1872, 284, 46, 1826, 6.592, 2.192, 2.457
453320_2.txt, 4.743, 5.097, 4.584, 5.269, 5.055, 15186, 2256, 11703, 2168, 264, 92, 2076, 8.212, 2.298, 4.244
453320_20.txt, 2.943, 3.22, 3.664, 4.196, 3.198, 19123, 2985, 14630, 2849, 382, 84, 2765, 7.458, 2.188, 2.948
453320_21.txt, 3.087, 3.5, 3.09, 3.261, 3.316, 9642, 1473, 7445, 1451, 182, 24, 1427, 7.973, 2.187, 1.654
453320_22.txt, 3.39, 3.988, 3.778, 4.303, 3.877, 19739, 3026, 15079, 2888, 363, 84, 2804, 7.956, 2.208, 2.909
453320_23.txt, 2.583, 2.467, 3.667, 4.212, 3.102, 7390, 1139, 5613, 1084, 176, 39, 1045, 6.159, 2.192, 3.598
453320_24.txt, 3.493, 3.951, 3.629, 4.147, 4.002, 16168, 2474, 12347, 2347, 312, 67, 2280, 7.522, 2.225, 2.855
453320_3.txt, 4.881, 4.762, 4.094, 4.696, 5.24, 11761, 1739, 9021, 1644, 239, 66, 1578, 6.879, 2.338, 4.015
453320_4.txt, 4.825, 4.885, 4.133, 4.755, 5.147, 14437, 2138, 11160, 2047, 279, 79, 1968, 7.337, 2.323, 3.859
453320_5.txt, 4.086, 3.854, 3.893, 4.454, 4.56, 12109, 1805, 9224, 1707, 270, 67, 1640, 6.322, 2.294, 3.925
453320_6.txt, 3.761, 3.207, 4.014, 4.612, 3.454, 8572, 1303, 6610, 1271, 184, 49, 1222, 6.908, 2.258, 3.855
453320_7.txt, 3.032, 3.266, 4.018, 4.621, 3.16, 14897, 2331, 11314, 2210, 288, 77, 2133, 7.674, 2.19, 3.484
453320_8.txt, 4.672, 5.241, 4.547, 5.141, 5.823, 9662, 1410, 7454, 1335, 196, 65, 1270, 6.811, 2.324, 4.869
453320_9.txt, 4.385, 4.245, 4.766, 5.404, 4.436, 17680, 2650, 13606, 2548, 349, 128, 2420, 7.301, 2.293, 5.024
453321.txt, 2.773, 1.91, 3.442, 3.944, 2.981, 412555, 62547, 309620, 59716, 10709, 2077, 57639, 5.576, 2.218, 3.478
453332.txt, 4.03, 0, 2.66, 2.702, 4.893, 397537, 51326, 294362, 52310, 20775, 1869, 50441, 2.518, 2.375, 3.573
453332_12-topolei.txt, 6.742, 5.311, 4.161, 4.552, 7.216, 2151, 279, 1663, 283, 54, 14, 269, 5.241, 2.505, 4.947
453332_19-noyabrya.txt, 7.816, 6.688, 4.658, 4.979, 8.626, 3087, 380, 2426, 398, 74, 23, 375, 5.378, 2.578, 5.779
453332_2-obeda.txt, 6.381, 3.131, 3.528, 3.974, 4.935, 2392, 327, 1849, 335, 66, 13, 322, 5.076, 2.484, 3.881
453332_23-noyabrya.txt, 5.522, 4.845, 3.608, 4.044, 6.905, 1899, 247, 1447, 248, 49, 10, 238, 5.061, 2.423, 4.032
453332_3-podviga.txt, 3.98, 4.119, 4.452, 4.892, 5.338, 2034, 282, 1594, 287, 50, 15, 272, 5.74, 2.3, 5.226
453332_33-bogatyrya.txt, 5.087, 4.956, 3.654, 4.18, 6.171, 2437, 321, 1835, 323, 55, 12, 311, 5.873, 2.375, 3.715
453332_ahtung.txt, 3.139, 2.039, 2.204, 2.558, 5.138, 2714, 358, 2030, 363, 87, 7, 356, 4.172, 2.275, 1.928
453332_aktivnyi-otdyh.txt, 2.228, 0.967, 1.179, 0.05, 3.635, 2114, 289, 1593, 298, 69, 0, 298, 4.319, 2.208, 0.0
453332_alena.txt, 3.395, 2.658, 3.838, 4.416, 2.61, 1970, 287, 1519, 301, 41, 10, 291, 7.341, 2.223, 3.322
453332_berlinskaya-znamenitost.txt, 5.055, 5.704, 2.916, 3.306, 6.619, 2766, 349, 2160, 377, 59, 8, 369, 6.39, 2.361, 2.122
453332_breus.txt, 6.523, 5.227, 3.777, 4.282, 6.648, 2002, 266, 1574, 273, 48, 11, 262, 5.688, 2.48, 4.029
453332_bul-bul.txt, 2.625, 2.649, 2.61, 3.021, 4.968, 2131, 285, 1602, 289, 62, 7, 282, 4.661, 2.228, 2.422
453332_chernyi-den.txt, 4.278, 3.664, 2.696, 3.105, 5.143, 2604, 359, 2010, 363, 67, 8, 355, 5.418, 2.328, 2.204
453332_danko.txt, 4.278, 4.324, 1.853, 1.894, 6.334, 2550, 341, 1999, 348, 69, 3, 345, 5.043, 2.336, 0.862
453332_derzost.txt, 2.742, 2.55, 1.844, 1.921, 4.491, 2305, 311, 1795, 329, 67, 3, 326, 4.91, 2.231, 0.912
453332_dom.txt, 3.663, 2.847, 2.523, 2.918, 4.869, 2709, 381, 2047, 371, 76, 8, 363, 4.882, 2.296, 2.156
453332_dovator.txt, 5.731, 5.043, 2.496, 2.846, 6.731, 1636, 209, 1251, 216, 40, 4, 212, 5.4, 2.431, 1.852
453332_dva-tanka.txt, 3.954, 1.28, 2.617, 2.961, 5.178, 2329, 307, 1758, 313, 83, 9, 304, 3.771, 2.342, 2.875
453332_esli-hochesh-pisat-o-geroyah.txt, 10.02, 8.319, 6.207, 5.991, 10.675, 2673, 319, 2077, 323, 62, 28, 295, 5.21, 2.737, 8.669
453332_firmennoye-blyudo.txt, 2.354, 0.098, 1.609, 1.751, 3.211, 2302, 318, 1730, 327, 81, 3, 324, 4.037, 2.223, 0.917
453332_frantsuzhenka.txt, 6.943, 6.342, 3.907, 4.432, 7.714, 2575, 327, 1997, 337, 57, 14, 323, 5.912, 2.504, 4.154
453332_gadanie-na-romashkine.txt, 6.265, 6.011, 5.236, 5.987, 5.959, 3164, 414, 2451, 444, 51, 23, 421, 8.706, 2.394, 5.18
453332_general-zhukov.txt, 7.408, 6.269, 6.331, 6.898, 6.467, 2053, 282, 1572, 279, 35, 21, 258, 7.971, 2.491, 7.527
453332_generaly-protiv-feldmarshalov.txt, 8.563, 9.925, 5.223, 5.732, 11.197, 2531, 289, 1998, 310, 46, 19, 291, 6.739, 2.6, 6.129
453332_gennadii-stalingradovich.txt, 5.539, 4.711, 5.634, 5.495, 7.018, 2166, 267, 1653, 282, 58, 22, 260, 4.862, 2.429, 7.801
453332_golubaya-liniya.txt, 6.513, 4.968, 3.175, 3.659, 5.962, 1896, 243, 1454, 258, 42, 7, 251, 6.143, 2.469, 2.713
453332_gorovets.txt, 3.786, 2.264, 2.869, 3.243, 5.45, 2077, 277, 1614, 286, 69, 9, 277, 4.145, 2.322, 3.147
453332_gospitalnaya.txt, 6.825, 6.78, 5.71, 6.141, 7.583, 3019, 391, 2352, 401, 59, 28, 373, 6.797, 2.476, 6.983
453332_gvardeiskii-appetit.txt, 2.513, 2.659, 2.986, 3.446, 4.269, 2264, 307, 1709, 316, 61, 9, 307, 5.18, 2.209, 2.848
453332_holm-zharkovskii.txt, 3.048, 1.919, 1.93, 2.194, 4.728, 3190, 424, 2429, 440, 102, 6, 434, 4.314, 2.266, 1.364
453332_homuty.txt, 3.946, 2.52, 2.83, 3.263, 3.666, 2032, 277, 1567, 296, 53, 7, 289, 5.585, 2.301, 2.365
453332_horoshi-u-giganta-lapy.txt, 6.921, 5.591, 3.464, 3.965, 7.178, 2107, 268, 1663, 284, 51, 10, 274, 5.569, 2.511, 3.521
453332_imenie.txt, 0.852, 0, 1.233, 1.02, 0.751, 2124, 297, 1584, 323, 83, 1, 322, 3.892, 2.121, 0.31
453332_isparyayutsya.txt, 2.538, 0, 2.265, 2.629, 2.35, 1329, 183, 984, 191, 47, 4, 187, 4.064, 2.236, 2.094
453332_kak-katyusha-katyushei-stala.txt, 4.001, 2.912, 3.39, 3.909, 3.43, 1875, 255, 1404, 269, 42, 8, 261, 6.405, 2.286, 2.974
453332_kak-sotaya-stala-pervoi.txt, 4.899, 2.842, 2.722, 3.144, 4.353, 1839, 242, 1403, 259, 49, 6, 253, 5.286, 2.375, 2.317
453332_kapitan-gastello.txt, 7.95, 7.913, 4.406, 4.878, 9.533, 2584, 318, 2083, 335, 57, 17, 318, 5.877, 2.576, 5.075
453332_kobrik.txt, 7.239, 2.965, 4.984, 4.871, 5.924, 2378, 295, 1822, 319, 74, 22, 297, 4.311, 2.561, 6.897
453332_kolyuchee-slovo.txt, 3.427, 2.707, 3.425, 3.934, 3.766, 2268, 310, 1724, 325, 57, 11, 314, 5.702, 2.262, 3.385
453332_konets-blitskriga.txt, 2.581, 1.873, 2.672, 3.082, 3.24, 1248, 165, 943, 180, 34, 4, 176, 5.294, 2.211, 2.222
453332_krasivyi-v-artillerii.txt, 7.38, 4.453, 5.588, 5.464, 6.732, 2105, 269, 1582, 272, 56, 21, 251, 4.857, 2.559, 7.721
453332_krasnaya-ploshad.txt, 6.52, 6.849, 5.416, 6.046, 7.268, 2814, 370, 2196, 380, 50, 23, 357, 7.6, 2.437, 6.053
453332_krepost.txt, 7.065, 6.37, 4.996, 5.322, 7.927, 1980, 257, 1534, 257, 45, 16, 241, 5.711, 2.518, 6.226
453332_krest-na-perevale.txt, 5.257, 4.529, 3.28, 3.764, 6.176, 2024, 268, 1563, 274, 51, 9, 265, 5.373, 2.398, 3.285
453332_krimgilda.txt, 7.82, 7.995, 5.153, 5.716, 8.863, 3002, 366, 2370, 391, 56, 23, 368, 6.982, 2.542, 5.882
453332_kurskie-solovi.txt, 6.847, 5.759, 3.827, 4.265, 7.741, 1765, 227, 1371, 230, 44, 10, 220, 5.227, 2.513, 4.348
453332_kushevskaya.txt, 6.381, 3.305, 2.957, 3.34, 6.405, 2131, 275, 1604, 277, 65, 9, 268, 4.262, 2.502, 3.249
453332_kutuzov.txt, 7.861, 7.627, 5.713, 6.08, 8.709, 2149, 270, 1702, 281, 43, 20, 261, 6.535, 2.555, 7.117
453332_lesnaya-doroga.txt, 4.276, 3.734, 2.568, 2.974, 6.285, 2161, 278, 1698, 295, 64, 7, 288, 4.609, 2.346, 2.373
453332_liepaya.txt, 5.705, 2.566, 2.003, 2.26, 5.005, 2124, 287, 1627, 293, 64, 4, 289, 4.578, 2.447, 1.365
453332_list-osennii.txt, 4.284, 2.923, 2.651, 3.039, 6.147, 1104, 131, 840, 146, 35, 4, 142, 4.171, 2.356, 2.74
453332_maior-ustinov.txt, 3.687, 3.5, 3.672, 4.131, 5.129, 2313, 309, 1779, 321, 61, 13, 308, 5.262, 2.29, 4.05
453332_moskovskoe-nebo.txt, 5.095, 4.34, 2.593, 2.997, 6.345, 3014, 387, 2350, 409, 81, 9, 400, 5.049, 2.394, 2.2
453332_moskva-irkutsk.txt, 4.528, 3.73, 3.128, 3.601, 5.377, 2420, 326, 1825, 327, 62, 10, 317, 5.274, 2.349, 3.058
453332_mtsensk.txt, 4.499, 2.734, 1.983, 2.163, 4.696, 1279, 175, 944, 172, 35, 2, 170, 4.914, 2.355, 1.163
453332_nadezhnaya-intuitsiya.txt, 7.367, 7.365, 5.547, 5.874, 8.627, 2558, 330, 1999, 330, 53, 23, 307, 6.226, 2.527, 6.97
453332_napishu-iz-moskvy.txt, 6.143, 6.418, 3.72, 4.239, 7.903, 2174, 279, 1693, 284, 49, 11, 273, 5.796, 2.451, 3.873
453332_ne-pustili.txt, 8.874, 8.499, 3.545, 4.085, 9.605, 2454, 300, 1988, 321, 48, 10, 311, 6.688, 2.623, 3.115
453332_neobychnaya-operatsyya.txt, 4.529, 2.561, 3.446, 3.855, 4.71, 2772, 371, 2122, 386, 81, 15, 371, 4.765, 2.36, 3.886
453332_ni-shagu-nazad.txt, 2.72, 1.012, 2.268, 2.633, 3.997, 2447, 326, 1845, 341, 82, 7, 334, 4.159, 2.246, 2.053
453332_nikolaev.txt, 3.27, 1.561, 1.676, 1.88, 5.086, 2021, 260, 1544, 276, 70, 3, 273, 3.943, 2.29, 1.087
453332_obida.txt, 0, 0, 1.009, 0.05, 1.297, 1146, 163, 850, 170, 46, 0, 170, 3.696, 2.065, 0.0
453332_ogorodniki.txt, 2.632, 1.49, 2.36, 2.716, 3.35, 1499, 201, 1129, 214, 44, 4, 210, 4.864, 2.224, 1.869
453332_ohota-na-mamontov.txt, 5.561, 5.25, 3.674, 4.218, 6.29, 2002, 265, 1570, 276, 45, 10, 266, 6.133, 2.402, 3.623
453332_orlovich-voronovich.txt, 3.848, 2.625, 3.749, 4.085, 4.997, 1623, 215, 1232, 222, 48, 10, 212, 4.625, 2.315, 4.505
453332_osnovnoi-i-demonstrativnyi.txt, 7.53, 7.362, 5.933, 6.613, 7.611, 2974, 398, 2356, 406, 49, 27, 379, 8.286, 2.493, 6.65
453332_osobye.txt, 4.862, 2.287, 4.107, 4.314, 4.937, 2757, 363, 2114, 381, 86, 20, 361, 4.43, 2.391, 5.249
453332_ostrov-lyudnikova.txt, 6.202, 5.67, 4.317, 4.845, 6.744, 3919, 548, 3018, 524, 85, 25, 499, 6.165, 2.447, 4.771
453332_otdelnyi-tankovyi-batalion.txt, 6.189, 5.752, 3.348, 3.82, 7.744, 2211, 290, 1711, 287, 55, 10, 277, 5.218, 2.467, 3.484
453332_pamyat.txt, 5.486, 4.841, 4.062, 4.471, 6.67, 2461, 313, 1945, 336, 64, 16, 320, 5.25, 2.417, 4.762
453332_perelomilos.txt, 10.786, 7.694, 7.212, 6.449, 10.322, 1709, 205, 1322, 207, 42, 22, 185, 4.929, 2.797, 10.628
453332_pervye-zalpy.txt, 4.533, 3.117, 3.665, 4.122, 4.716, 2438, 324, 1895, 346, 66, 14, 332, 5.242, 2.35, 4.046
453332_pismo.txt, 2.506, 1.991, 2.835, 3.278, 3.501, 2709, 382, 2056, 389, 75, 10, 379, 5.187, 2.208, 2.571
453332_pobyvali.txt, 4.976, 5.202, 3.502, 4.037, 5.934, 2790, 380, 2172, 387, 59, 12, 375, 6.559, 2.351, 3.101
453332_podvig-kornitskogo.txt, 5.487, 2.84, 2.1, 2.43, 5.961, 2153, 269, 1665, 291, 69, 5, 286, 4.217, 2.44, 1.718
453332_podvig-u-dubosekova.txt, 4.417, 1.555, 2.498, 2.846, 5.599, 1977, 247, 1484, 261, 70, 7, 254, 3.729, 2.375, 2.682
453332_poklon-pobeditelyam.txt, 2.944, 2.848, 3.335, 3.792, 4.634, 2452, 353, 1855, 339, 67, 12, 327, 5.06, 2.242, 3.54
453332_polnym-polno.txt, 6.541, 6.475, 2.891, 3.325, 7.943, 2243, 286, 1772, 297, 51, 7, 290, 5.824, 2.478, 2.357
453332_pushka.txt, 5.705, 5.378, 3.454, 3.961, 6.853, 1930, 249, 1508, 260, 46, 9, 251, 5.652, 2.423, 3.462
453332_ranen-v-boyu-soldat.txt, 1.795, 0, 1.848, 2.1, 2.803, 2625, 364, 2015, 386, 93, 5, 381, 4.151, 2.181, 1.295
453332_redut-tarakulya.txt, 8.181, 4.504, 4.107, 4.274, 7.708, 3062, 391, 2369, 395, 92, 21, 374, 4.293, 2.628, 5.316
453332_ruki-kverhu.txt, 8.112, 7.968, 4.168, 4.566, 10.191, 1976, 236, 1543, 243, 46, 12, 231, 5.283, 2.601, 4.938
453332_rumyantsev.txt, 6.924, 5.551, 3.698, 4.122, 7.728, 2587, 336, 1987, 333, 66, 14, 319, 5.045, 2.523, 4.204
453332_sila.txt, 3.512, 1.988, 3.143, 3.545, 4.451, 2048, 275, 1580, 289, 64, 10, 279, 4.516, 2.294, 3.46
453332_smolenskii-gradoboi.txt, 3.886, 2.604, 1.671, 1.678, 4.944, 1978, 267, 1518, 274, 59, 2, 272, 4.644, 2.318, 0.73
453332_soldatskoe-imya.txt, 4.825, 2.982, 3.381, 3.792, 5.24, 2313, 303, 1770, 317, 67, 12, 305, 4.731, 2.382, 3.785
453332_stalingradskaya-oborona.txt, 7.66, 6.772, 5.451, 5.737, 8.144, 2680, 340, 2079, 347, 58, 24, 323, 5.983, 2.553, 6.916
453332_starichki.txt, 2.38, 3.004, 2.73, 3.03, 3.523, 3815, 536, 2957, 565, 88, 10, 555, 6.42, 2.172, 1.77
453332_sto-vetrov.txt, 7.202, 5.443, 6.26, 7.178, 4.988, 1584, 213, 1191, 227, 20, 13, 214, 11.35, 2.401, 5.727
453332_teberdinskii-nabat.txt, 5.973, 3.069, 4.164, 4.33, 5.982, 2087, 271, 1590, 278, 64, 15, 263, 4.344, 2.471, 5.396
453332_titaev.txt, 4.238, 2.647, 3.358, 3.68, 5.749, 2768, 365, 2133, 375, 89, 15, 360, 4.213, 2.352, 4.0
453332_traktornyi-tankovyi.txt, 4.167, 3.007, 2.878, 3.322, 4.909, 2614, 360, 2009, 364, 73, 10, 354, 4.986, 2.33, 2.747
453332_troe.txt, 2.156, 0.76, 1.532, 1.629, 4.046, 2673, 373, 2040, 376, 94, 3, 373, 4.0, 2.21, 0.798
453332_trubka.txt, 4.345, 1.355, 2.112, 2.427, 3.828, 2626, 367, 1987, 370, 83, 6, 364, 4.458, 2.354, 1.622
453332_tulskie-pryaniki.txt, 8.063, 7.505, 4.787, 5.363, 8.403, 1873, 237, 1469, 245, 36, 13, 232, 6.806, 2.563, 5.306
453332_tulupin.txt, 3.312, 0.407, 1.87, 2.157, 3.85, 2529, 338, 1857, 344, 88, 5, 339, 3.909, 2.294, 1.453
453332_vals-dobryanskogo.txt, 3.042, 3.85, 2.403, 2.74, 5.596, 2037, 262, 1579, 281, 54, 5, 276, 5.204, 2.246, 1.779
453332_vniz-i-vverh.txt, 2.61, 1.832, 2.56, 2.965, 4.104, 2992, 405, 2298, 425, 92, 10, 415, 4.62, 2.228, 2.353
453332_vyazma.txt, 4.305, 3.315, 2.97, 3.432, 4.774, 1579, 206, 1211, 221, 41, 6, 215, 5.39, 2.33, 2.715
453332_vyshla-vpered-razvedka.txt, 4.612, 2.731, 2.306, 2.638, 4.673, 2474, 337, 1892, 345, 70, 6, 339, 4.929, 2.362, 1.739
453332_vysoko-v-gorah.txt, 4.477, 2.704, 2.325, 2.676, 4.831, 2358, 325, 1798, 326, 68, 6, 320, 4.794, 2.356, 1.84
453332_zatonyla.txt, 5.437, 5.069, 2.698, 2.957, 5.794, 1758, 230, 1353, 242, 37, 4, 238, 6.541, 2.384, 1.653
453332_zheleznyi-batalion.txt, 4.708, 3.441, 1.849, 2.011, 5.93, 2093, 274, 1607, 282, 61, 3, 279, 4.623, 2.376, 1.064
453332_zlaya-familiya.txt, 5.431, 2.274, 2.864, 3.198, 6.059, 2089, 269, 1582, 275, 71, 9, 266, 3.873, 2.444, 3.273
453332_znai-nashih.txt, 1.693, 0.445, 2.674, 3.082, 2.805, 1581, 226, 1182, 227, 51, 6, 221, 4.451, 2.167, 2.643
453332_znamenityi-dom.txt, 4.91, 4.584, 3.146, 3.61, 5.332, 1693, 226, 1309, 237, 37, 6, 231, 6.405, 2.35, 2.532
453332_zverolovy.txt, 5.76, 4.609, 4.407, 4.905, 5.642, 2748, 361, 2124, 380, 63, 19, 361, 6.032, 2.418, 5.0
97341_I.txt, 3.618, 3.224, 4.263, 4.892, 3.294, 3444, 552, 2621, 508, 70, 21, 487, 7.257, 2.24, 4.134
97341_II.txt, 3.834, 3.392, 3.385, 3.537, 2.945, 5206, 869, 4006, 796, 90, 14, 782, 8.844, 2.22, 1.759
97341_III.txt, 5.004, 4.568, 4.102, 4.719, 4.615, 7829, 1240, 6087, 1138, 147, 41, 1097, 7.741, 2.327, 3.603
97341_IV.txt, 3.322, 2.645, 3.445, 3.973, 3.236, 5488, 903, 4125, 794, 127, 25, 769, 6.252, 2.242, 3.149
97341_IX.txt, 3.067, 2.542, 3.563, 4.107, 2.864, 6816, 1116, 5155, 1007, 152, 32, 975, 6.625, 2.215, 3.178
97341_V.txt, 3.695, 3.023, 3.465, 3.899, 2.859, 7883, 1313, 6001, 1184, 153, 29, 1155, 7.739, 2.235, 2.449
97341_VI.txt, 4.161, 3.358, 3.571, 4.112, 3.669, 12556, 2038, 9660, 1844, 270, 57, 1787, 6.83, 2.288, 3.091
97341_VII.txt, 5.374, 4.968, 3.838, 4.274, 4.741, 5550, 883, 4325, 813, 92, 21, 792, 8.837, 2.328, 2.583
97341_VIII.txt, 5.98, 5.467, 4.511, 5.154, 5.808, 10469, 1651, 8075, 1453, 198, 66, 1387, 7.338, 2.405, 4.542
97341_X.txt, 3.037, 1.576, 3.475, 3.987, 2.453, 9219, 1543, 6917, 1358, 237, 47, 1311, 5.73, 2.233, 3.461
97341_XI.txt, 1.91, 0.078, 2.868, 3.306, 0.797, 4350, 750, 3237, 670, 118, 16, 654, 5.678, 2.155, 2.388
97341_XII.txt, 3.572, 2.072, 3.59, 4.098, 3.079, 9751, 1611, 7301, 1405, 248, 52, 1353, 5.665, 2.273, 3.701
97341_XIII.txt, 3.341, 2.828, 3.789, 4.364, 2.954, 11962, 1951, 9069, 1773, 252, 60, 1713, 7.036, 2.226, 3.384
97341_XIV.txt, 3.855, 3.746, 4.445, 5.096, 3.775, 6825, 1102, 5178, 991, 132, 43, 948, 7.508, 2.251, 4.339
97341_XIX.txt, 3.365, 2.028, 3.565, 4.095, 2.752, 10472, 1733, 7906, 1541, 258, 54, 1487, 5.973, 2.251, 3.504
97341_XV.txt, 4.45, 3.062, 3.558, 4.092, 3.838, 7525, 1213, 5707, 1077, 177, 37, 1040, 6.085, 2.325, 3.435
97341_XVI.txt, 2.964, 1.027, 3.563, 4.011, 2.488, 9362, 1563, 6926, 1351, 264, 53, 1298, 5.117, 2.242, 3.923
97341_XVII.txt, 3.657, 3.11, 4.061, 4.667, 3.283, 9389, 1526, 7184, 1390, 198, 54, 1336, 7.02, 2.248, 3.885
97341_XVIII.txt, 2.692, 0.8, 3.592, 4.119, 1.412, 6588, 1100, 4939, 1004, 170, 36, 968, 5.906, 2.205, 3.586
97341_XX.txt, 1.538, 0, 2.635, 3.05, 1.421, 4535, 747, 3415, 688, 139, 16, 672, 4.95, 2.145, 2.326
97341_XXI.txt, 2.448, 0.356, 3.142, 3.617, 1.487, 4463, 720, 3401, 686, 129, 21, 665, 5.318, 2.201, 3.061
97341_XXII.txt, 2.913, 0.957, 3.678, 4.116, 2.407, 7929, 1330, 5942, 1162, 227, 48, 1114, 5.119, 2.238, 4.131
97341_XXIII.txt, 1.87, 1.386, 2.953, 3.296, 1.431, 3895, 655, 2963, 607, 89, 12, 595, 6.82, 2.127, 1.977
97341_XXIV.txt, 2.117, 1.481, 3.217, 3.659, 1.495, 7828, 1338, 5866, 1200, 174, 29, 1171, 6.897, 2.143, 2.417