filename	stressed_first_v,_W	c_in_the_end,_W	c_in_the_beginning,_W	two_syl_open_syls,_W	three_syl_open_syls,_W	one_syl,_W	two_syl_W	one_syl_cvc,_W	one_syl_begin_cc,_W	two_syl_begin_cc,_W	two_syl_1th_stressed,_W	three_syl_2nd_stressed,_W	two_syl_2nd_stressed,_W	three_syl_1th_stressed,_W	three_syl_cv_pattern,_W	four_syl_cv_pattern,_W	nom,_S	acc,_S	dat,_S	abl,_S	sent_simple,_S	sent_two_homogen,_S	sent_three_homogen,_S	no_predic,_S	sent_complic_soch,_S	verbs_pers,_S	parenth_S	one_syl_end_cc,_W	two_syl_middle_cc,_W	three_syl_begin_cc,_W	three_syl_middle_cc,_W	three_syl_end_cc,_W	four_syl_cc_on_the_edge,_W	five_syl_cv_pattern,_W	adv,_W	numeral,_W	a_pro,_W	gen,_S	ins,_S	coord_conjs_num,_S	sent_complic_depend,_S	inverse,_S	s_pro_S	three_syl_3rd_stressed,_W	three_syl_cc_on_the_edge,_W	five_syl_cc_on_the_edge,_W	rare_obsol,_W	foreign,_W	alt_conjs_num,_S	particip_clause_S
C:\Users\Mike\PycharmProjects\readability\classifier_data\0.txt	0.08695652173913043	0.391304347826087	0.7304347826086957	0.12608695652173912	0.1	0.20434782608695654	0.3	0.034782608695652174	0.04782608695652174	0.06956521739130435	0.15217391304347827	0.13043478260869565	0.14782608695652175	0.05652173913043478	0.06086956521739131	0.017391304347826087	0.631578947368421	2.8947368421052633	0.3157894736842105	2.0526315789473686	0.05263157894736842	0.21052631578947367	0.15789473684210525	0.3157894736842105	0.05263157894736842	0.15789473684210525	0.0	0.017391304347826087	0.09565217391304348	0.02608695652173913	0.09565217391304348	0.013043478260869565	0.043478260869565216	0.008695652173913044	0.20588235294117646	0.0	0.15476190476190477	1.0526315789473684	0.3157894736842105	0.47368421052631576	0.15789473684210525	0.3157894736842105	0.42105263157894735	0.034782608695652174	0.06521739130434782	0.017391304347826087	0.0	0.0	0.21052631578947367	0.10526315789473684
C:\Users\Mike\PycharmProjects\readability\classifier_data\1.txt	0.15577889447236182	0.40703517587939697	0.7537688442211056	0.09045226130653267	0.08040201005025126	0.23115577889447236	0.2864321608040201	0.01507537688442211	0.035175879396984924	0.04522613065326633	0.1658291457286432	0.1507537688442211	0.12060301507537688	0.09045226130653267	0.08040201005025126	0.01507537688442211	1.391304347826087	2.260869565217391	0.4782608695652174	0.9130434782608695	0.0	0.21739130434782608	0.08695652173913043	0.17391304347826086	0.17391304347826086	0.8695652173913043	0.043478260869565216	0.010050251256281407	0.135678391959799	0.05025125628140704	0.1658291457286432	0.010050251256281407	0.035175879396984924	0.0	0.16	0.020100502512562814	0.11688311688311688	0.17391304347826086	0.30434782608695654	0.391304347826087	0.34782608695652173	0.08695652173913043	0.5652173913043478	0.06030150753768844	0.135678391959799	0.02512562814070352	0.0	0.0	0.13043478260869565	0.0
C:\Users\Mike\PycharmProjects\readability\classifier_data\10.txt	0.19095477386934673	0.33668341708542715	0.6884422110552764	0.19095477386934673	0.08542713567839195	0.271356783919598	0.32160804020100503	0.035175879396984924	0.04522613065326633	0.08542713567839195	0.18592964824120603	0.05025125628140704	0.135678391959799	0.10552763819095477	0.05527638190954774	0.04522613065326633	1.3	2.3	0.4	0.9	0.0	0.25	0.15	0.2	0.3	1.0	0.2	0.04020100502512563	0.12562814070351758	0.035175879396984924	0.10552763819095477	0.010050251256281407	0.03015075376884422	0.0	0.24242424242424243	0.0	0.0975609756097561	0.25	0.25	0.45	0.15	0.35	0.4	0.035175879396984924	0.06532663316582915	0.020100502512562814	0.0	0.0	0.2	0.0
C:\Users\Mike\PycharmProjects\readability\classifier_data\11.txt	0.1651376146788991	0.21100917431192662	0.5963302752293578	0.09174311926605505	0.10091743119266056	0.14678899082568808	0.1651376146788991	0.0	0.009174311926605505	0.08256880733944955	0.14678899082568808	0.11926605504587157	0.01834862385321101	0.11009174311926606	0.09174311926605505	0.03669724770642202	1.0	1.9230769230769231	0.3076923076923077	0.9230769230769231	0.07692307692307693	0.3076923076923077	0.15384615384615385	0.3076923076923077	0.07692307692307693	0.07692307692307693	0.07692307692307693	0.0	0.07339449541284404	0.05504587155963303	0.1743119266055046	0.01834862385321101	0.10091743119266056	0.0	0.3333333333333333	0.0	0.025	0.6923076923076923	0.0	0.38461538461538464	0.0	0.23076923076923078	0.3076923076923077	0.08256880733944955	0.1559633027522936	0.009174311926605505	0.0	0.0	0.15384615384615385	0.0
C:\Users\Mike\PycharmProjects\readability\classifier_data\12.txt	0.14414414414414414	0.36036036036036034	0.6576576576576577	0.14414414414414414	0.05405405405405406	0.1981981981981982	0.27927927927927926	0.009009009009009009	0.02702702702702703	0.09009009009009009	0.1981981981981982	0.08108108108108109	0.08108108108108109	0.05405405405405406	0.04504504504504504	0.02702702702702703	0.75	1.75	0.8333333333333334	1.1666666666666667	0.0	0.16666666666666666	0.16666666666666666	0.9166666666666666	0.0	0.5833333333333334	0.0	0.009009009009009009	0.07207207207207207	0.06306306306306306	0.07207207207207207	0.018018018018018018	0.07207207207207207	0.0	0.3333333333333333	0.0	0.14285714285714285	0.8333333333333334	0.16666666666666666	0.5	0.0	0.0	0.16666666666666666	0.036036036036036036	0.036036036036036036	0.04504504504504504	0.0	0.0	0.0	0.0
C:\Users\Mike\PycharmProjects\readability\classifier_data\13.txt	0.13903743315508021	0.24598930481283424	0.6363636363636364	0.10695187165775401	0.09090909090909091	0.13903743315508021	0.24598930481283424	0.0106951871657754	0.016042780748663103	0.06417112299465241	0.1443850267379679	0.0855614973262032	0.10160427807486631	0.11229946524064172	0.06417112299465241	0.026737967914438502	0.75	2.9375	0.5	1.375	0.0625	0.1875	0.125	0.375	0.0625	0.875	0.125	0.0053475935828877	0.11229946524064172	0.053475935828877004	0.1443850267379679	0.0	0.0962566844919786	0.0053475935828877	0.6111111111111112	0.0106951871657754	0.12698412698412698	0.4375	0.375	0.4375	0.1875	0.4375	0.125	0.0427807486631016	0.10695187165775401	0.026737967914438502	0.0	0.0	0.1875	0.0
C:\Users\Mike\PycharmProjects\readability\classifier_data\14.txt	0.11267605633802817	0.4014084507042254	0.7394366197183099	0.06338028169014084	0.14084507042253522	0.1619718309859155	0.2605633802816901	0.007042253521126761	0.04225352112676056	0.07746478873239436	0.16901408450704225	0.18309859154929578	0.09154929577464789	0.07746478873239436	0.09859154929577464	0.028169014084507043	0.5294117647058824	2.176470588235294	0.5882352941176471	1.7058823529411764	0.0	0.23529411764705882	0.11764705882352941	0.23529411764705882	0.11764705882352941	0.47058823529411764	0.0	0.02112676056338028	0.09154929577464789	0.04929577464788732	0.14084507042253522	0.014084507042253521	0.07746478873239436	0.0	0.14285714285714285	0.014084507042253521	0.09090909090909091	0.35294117647058826	0.058823529411764705	0.29411764705882354	0.11764705882352941	0.29411764705882354	0.17647058823529413	0.04225352112676056	0.06338028169014084	0.014084507042253521	0.0	0.0	0.0	0.11764705882352941
C:\Users\Mike\PycharmProjects\readability\classifier_data\15.txt	0.14285714285714285	0.3469387755102041	0.6938775510204082	0.14285714285714285	0.10204081632653061	0.2857142857142857	0.3673469387755102	0.08163265306122448	0.02040816326530612	0.061224489795918366	0.3469387755102041	0.10204081632653061	0.02040816326530612	0.061224489795918366	0.04081632653061224	0.0	0.42857142857142855	1.2857142857142858	0.5714285714285714	0.7142857142857143	0.0	0.42857142857142855	0.0	0.8571428571428571	0.0	0.2857142857142857	0.0	0.02040816326530612	0.14285714285714285	0.02040816326530612	0.08163265306122448	0.02040816326530612	0.04081632653061224	0.0	0.8	0.0	0.17647058823529413	0.5714285714285714	0.14285714285714285	0.42857142857142855	0.0	0.14285714285714285	0.2857142857142857	0.0	0.04081632653061224	0.02040816326530612	0.0	0.0	0.0	0.0
C:\Users\Mike\PycharmProjects\readability\classifier_data\16.txt	0.08974358974358974	0.3076923076923077	0.782051282051282	0.23076923076923078	0.08974358974358974	0.19230769230769232	0.3974358974358974	0.0	0.038461538461538464	0.19230769230769232	0.28205128205128205	0.10256410256410256	0.11538461538461539	0.02564102564102564	0.0641025641025641	0.0	0.8666666666666667	1.5333333333333334	0.26666666666666666	0.26666666666666666	0.06666666666666667	0.2	0.0	0.4	0.0	0.5333333333333333	0.0	0.0	0.08974358974358974	0.05128205128205128	0.10256410256410256	0.05128205128205128	0.02564102564102564	0.0	0.0	0.0	0.05	0.06666666666666667	0.3333333333333333	0.13333333333333333	0.0	0.13333333333333333	0.13333333333333333	0.08974358974358974	0.038461538461538464	0.0	0.0	0.0	0.06666666666666667	0.0
C:\Users\Mike\PycharmProjects\readability\classifier_data\17.txt	0.03896103896103896	0.35064935064935066	0.8181818181818182	0.15584415584415584	0.07792207792207792	0.2597402597402597	0.3246753246753247	0.03896103896103896	0.07792207792207792	0.1038961038961039	0.18181818181818182	0.18181818181818182	0.14285714285714285	0.05194805194805195	0.11688311688311688	0.0	0.5333333333333333	1.8	0.2	0.3333333333333333	0.0	0.06666666666666667	0.0	0.5333333333333333	0.06666666666666667	0.8666666666666667	0.0	0.05194805194805195	0.18181818181818182	0.05194805194805195	0.07792207792207792	0.0	0.012987012987012988	0.0	0.15384615384615385	0.012987012987012988	0.08571428571428572	0.2	0.13333333333333333	0.06666666666666667	0.0	0.13333333333333333	0.26666666666666666	0.03896103896103896	0.06493506493506493	0.0	0.0	0.0	0.06666666666666667	0.0
C:\Users\Mike\PycharmProjects\readability\classifier_data\18.txt	0.17333333333333334	0.41333333333333333	0.64	0.14666666666666667	0.04	0.26666666666666666	0.32	0.02666666666666667	0.05333333333333334	0.06666666666666667	0.24	0.09333333333333334	0.08	0.05333333333333334	0.02666666666666667	0.013333333333333334	0.5	1.625	0.0	1.0	0.0	0.0	0.25	0.5	0.25	0.375	0.125	0.013333333333333334	0.13333333333333333	0.04	0.16	0.02666666666666667	0.05333333333333334	0.0	0.36363636363636365	0.0	0.125	0.75	0.375	0.625	0.0	0.125	0.375	0.06666666666666667	0.09333333333333334	0.013333333333333334	0.0	0.0	0.25	0.0
C:\Users\Mike\PycharmProjects\readability\classifier_data\19.txt	0.075	0.35	0.875	0.2	0.125	0.125	0.35	0.0	0.025	0.15	0.175	0.175	0.175	0.075	0.05	0.0	1.0	1.0	0.125	0.5	0.25	0.0	0.0	0.25	0.125	0.875	0.0	0.025	0.075	0.125	0.225	0.025	0.075	0.0	0.1111111111111111	0.025	0.0	0.25	0.125	0.125	0.0	0.875	0.0	0.075	0.125	0.0	0.0	0.0	0.0	0.0
C:\Users\Mike\PycharmProjects\readability\classifier_data\2.txt	0.16568047337278108	0.35502958579881655	0.6745562130177515	0.1301775147928994	0.11834319526627218	0.23668639053254437	0.3076923076923077	0.029585798816568046	0.04142011834319527	0.08284023668639054	0.21301775147928995	0.10059171597633136	0.09467455621301775	0.07692307692307693	0.10059171597633136	0.005917159763313609	0.6666666666666666	3.5	0.5	1.6666666666666667	0.0	0.08333333333333333	0.25	0.3333333333333333	0.3333333333333333	1.25	0.08333333333333333	0.03550295857988166	0.11242603550295859	0.04142011834319527	0.10650887573964497	0.0	0.0650887573964497	0.0	0.4166666666666667	0.0	0.17647058823529413	0.9166666666666666	0.08333333333333333	0.75	0.25	0.5	1.0833333333333333	0.047337278106508875	0.05325443786982249	0.011834319526627219	0.0	0.0	0.3333333333333333	0.08333333333333333
C:\Users\Mike\PycharmProjects\readability\classifier_data\20.txt	0.13861386138613863	0.43564356435643564	0.7326732673267327	0.1188118811881188	0.06930693069306931	0.21782178217821782	0.42574257425742573	0.009900990099009901	0.06930693069306931	0.16831683168316833	0.22772277227722773	0.07920792079207921	0.19801980198019803	0.04950495049504951	0.07920792079207921	0.019801980198019802	0.6666666666666666	2.2	0.06666666666666667	0.7333333333333333	0.0	0.3333333333333333	0.06666666666666667	0.3333333333333333	0.06666666666666667	0.4666666666666667	0.0	0.0	0.16831683168316833	0.019801980198019802	0.12871287128712872	0.0	0.009900990099009901	0.0	0.38461538461538464	0.009900990099009901	0.08695652173913043	0.2	0.2	0.4	0.06666666666666667	0.2	0.13333333333333333	0.0891089108910891	0.09900990099009901	0.0	0.0	0.0	0.0	0.0
C:\Users\Mike\PycharmProjects\readability\classifier_data\21.txt	0.058823529411764705	0.32941176470588235	0.7294117647058823	0.17647058823529413	0.058823529411764705	0.17647058823529413	0.32941176470588235	0.011764705882352941	0.09411764705882353	0.09411764705882353	0.17647058823529413	0.08235294117647059	0.15294117647058825	0.08235294117647059	0.011764705882352941	0.03529411764705882	0.9285714285714286	1.1428571428571428	0.14285714285714285	0.6428571428571429	0.0	0.07142857142857142	0.07142857142857142	0.42857142857142855	0.0	0.5	0.07142857142857142	0.011764705882352941	0.11764705882352941	0.03529411764705882	0.1411764705882353	0.0	0.09411764705882353	0.0	0.4166666666666667	0.0	0.05555555555555555	0.7857142857142857	0.2857142857142857	0.07142857142857142	0.0	0.21428571428571427	0.2857142857142857	0.023529411764705882	0.10588235294117647	0.03529411764705882	0.0	0.0	0.07142857142857142	0.07142857142857142
C:\Users\Mike\PycharmProjects\readability\classifier_data\22.txt	0.16289592760180996	0.33031674208144796	0.7239819004524887	0.10407239819004525	0.07692307692307693	0.3031674208144796	0.31221719457013575	0.027149321266968326	0.03619909502262444	0.06787330316742081	0.16289592760180996	0.1085972850678733	0.1493212669683258	0.06787330316742081	0.049773755656108594	0.0	1.2	1.32	0.12	1.04	0.0	0.48	0.08	0.36	0.0	0.88	0.04	0.027149321266968326	0.14479638009049775	0.02262443438914027	0.11764705882352941	0.02262443438914027	0.04072398190045249	0.0	0.64	0.0	0.12698412698412698	0.16	0.2	0.76	0.16	0.16	0.44	0.05429864253393665	0.07239819004524888	0.013574660633484163	0.0	0.0	0.24	0.0
C:\Users\Mike\PycharmProjects\readability\classifier_data\23.txt	0.10454545454545454	0.31363636363636366	0.7863636363636364	0.12272727272727273	0.06363636363636363	0.2318181818181818	0.32727272727272727	0.045454545454545456	0.03636363636363636	0.05909090909090909	0.16363636363636364	0.15454545454545454	0.16363636363636364	0.05	0.05454545454545454	0.01818181818181818	1.0666666666666667	2.3333333333333335	0.4	1.8666666666666667	0.0	0.3333333333333333	0.26666666666666666	0.2	0.26666666666666666	1.4666666666666666	0.13333333333333333	0.004545454545454545	0.18181818181818182	0.022727272727272728	0.15	0.013636363636363636	0.05454545454545454	0.004545454545454545	0.24324324324324326	0.013636363636363636	0.024096385542168676	1.0	1.1333333333333333	0.7333333333333333	0.26666666666666666	0.26666666666666666	0.26666666666666666	0.022727272727272728	0.11363636363636363	0.031818181818181815	0.0	0.0	0.4666666666666667	0.2
C:\Users\Mike\PycharmProjects\readability\classifier_data\24.txt	0.09259259259259259	0.3888888888888889	0.674074074074074	0.08888888888888889	0.07407407407407407	0.1814814814814815	0.3074074074074074	0.02962962962962963	0.03333333333333333	0.07037037037037037	0.1962962962962963	0.08518518518518518	0.1111111111111111	0.07407407407407407	0.05555555555555555	0.018518518518518517	1.2272727272727273	2.6363636363636362	0.18181818181818182	2.227272727272727	0.0	0.18181818181818182	0.045454545454545456	0.3181818181818182	0.09090909090909091	0.36363636363636365	0.0	0.011111111111111112	0.1259259259259259	0.014814814814814815	0.11851851851851852	0.011111111111111112	0.06296296296296296	0.0	0.4375	0.0	0.15315315315315314	0.9545454545454546	0.13636363636363635	0.2727272727272727	0.22727272727272727	0.5909090909090909	0.22727272727272727	0.03333333333333333	0.09259259259259259	0.040740740740740744	0.0	0.0	0.18181818181818182	0.09090909090909091
C:\Users\Mike\PycharmProjects\readability\classifier_data\25.txt	0.08085106382978724	0.49361702127659574	0.7659574468085106	0.09361702127659574	0.08085106382978724	0.2425531914893617	0.3404255319148936	0.07659574468085106	0.03829787234042553	0.1574468085106383	0.2127659574468085	0.12340425531914893	0.1276595744680851	0.07234042553191489	0.05531914893617021	0.0	0.6666666666666666	2.4444444444444446	0.07407407407407407	1.037037037037037	0.07407407407407407	0.2222222222222222	0.07407407407407407	0.5185185185185185	0.3333333333333333	0.8148148148148148	0.0	0.02553191489361702	0.14893617021276595	0.08085106382978724	0.1574468085106383	0.00425531914893617	0.0425531914893617	0.00425531914893617	0.4772727272727273	0.00425531914893617	0.17142857142857143	0.3333333333333333	0.14814814814814814	0.2962962962962963	0.037037037037037035	0.4074074074074074	0.25925925925925924	0.05531914893617021	0.10638297872340426	0.00851063829787234	0.0	0.0	0.1111111111111111	0.07407407407407407
C:\Users\Mike\PycharmProjects\readability\classifier_data\26.txt	0.08185053380782918	0.3096085409252669	0.7437722419928826	0.11387900355871886	0.09252669039145907	0.16370106761565836	0.302491103202847	0.02491103202846975	0.042704626334519574	0.07473309608540925	0.19217081850533807	0.0711743772241993	0.1103202846975089	0.08185053380782918	0.0498220640569395	0.03202846975088968	1.16	2.72	0.12	1.76	0.0	0.08	0.08	0.36	0.2	0.4	0.04	0.0	0.1103202846975089	0.0498220640569395	0.08896797153024912	0.0035587188612099642	0.06761565836298933	0.0071174377224199285	0.5714285714285714	0.0035587188612099642	0.1650485436893204	0.36	0.68	0.2	0.2	0.28	0.28	0.03558718861209965	0.07473309608540925	0.03202846975088968	0.0	0.0	0.16	0.12
C:\Users\Mike\PycharmProjects\readability\classifier_data\27.txt	0.10619469026548672	0.42035398230088494	0.7345132743362832	0.15486725663716813	0.04424778761061947	0.20353982300884957	0.3584070796460177	0.035398230088495575	0.07079646017699115	0.12831858407079647	0.18584070796460178	0.09734513274336283	0.17256637168141592	0.0752212389380531	0.02654867256637168	0.008849557522123894	1.24	1.84	0.16	0.84	0.04	0.28	0.16	0.4	0.0	1.2	0.0	0.017699115044247787	0.15486725663716813	0.048672566371681415	0.13274336283185842	0.035398230088495575	0.048672566371681415	0.008849557522123894	0.30434782608695654	0.004424778761061947	0.15294117647058825	0.48	0.6	0.44	0.32	0.4	0.64	0.03982300884955752	0.07079646017699115	0.008849557522123894	0.0	0.0	0.04	0.04
C:\Users\Mike\PycharmProjects\readability\classifier_data\28.txt	0.11275964391691394	0.32344213649851633	0.7537091988130564	0.12166172106824925	0.0712166172106825	0.27596439169139464	0.3115727002967359	0.050445103857566766	0.0830860534124629	0.07418397626112759	0.16023738872403562	0.11275964391691394	0.1513353115727003	0.06528189910979229	0.04451038575667656	0.008902077151335312	0.9375	1.90625	0.1875	0.65625	0.0	0.34375	0.0	0.1875	0.1875	0.8125	0.15625	0.011869436201780416	0.12166172106824925	0.011869436201780416	0.1543026706231454	0.017804154302670624	0.03560830860534125	0.002967359050445104	0.39655172413793105	0.01483679525222552	0.09473684210526316	0.46875	0.65625	0.5	0.34375	0.4375	0.75	0.04154302670623145	0.11572700296735905	0.02373887240356083	0.0	0.0	0.28125	0.09375
C:\Users\Mike\PycharmProjects\readability\classifier_data\29.txt	0.0946969696969697	0.3787878787878788	0.7613636363636364	0.12121212121212122	0.04924242424242424	0.25	0.3446969696969697	0.041666666666666664	0.026515151515151516	0.06439393939393939	0.15151515151515152	0.09848484848484848	0.19318181818181818	0.06060606060606061	0.026515151515151516	0.007575757575757576	1.6666666666666667	2.111111111111111	0.3888888888888889	1.3888888888888888	0.0	0.4444444444444444	0.16666666666666666	0.16666666666666666	0.5555555555555556	1.7222222222222223	0.0	0.022727272727272728	0.125	0.03409090909090909	0.14772727272727273	0.011363636363636364	0.08712121212121213	0.003787878787878788	0.6	0.011363636363636364	0.17142857142857143	0.16666666666666666	0.9444444444444444	0.6666666666666666	0.3888888888888889	0.3333333333333333	0.7222222222222222	0.041666666666666664	0.09848484848484848	0.01893939393939394	0.0	0.0	0.3888888888888889	0.05555555555555555
C:\Users\Mike\PycharmProjects\readability\classifier_data\3.txt	0.14563106796116504	0.33980582524271846	0.7572815533980582	0.11650485436893204	0.038834951456310676	0.24271844660194175	0.30097087378640774	0.019417475728155338	0.019417475728155338	0.0970873786407767	0.1941747572815534	0.13592233009708737	0.10679611650485436	0.04854368932038835	0.05825242718446602	0.019417475728155338	1.6	2.5	0.3	0.5	0.0	0.3	0.3	0.2	0.1	1.1	0.0	0.038834951456310676	0.1262135922330097	0.038834951456310676	0.1262135922330097	0.0	0.038834951456310676	0.0	0.11764705882352941	0.0	0.08888888888888889	0.8	0.2	0.6	0.1	0.2	0.3	0.02912621359223301	0.1262135922330097	0.019417475728155338	0.0	0.0	0.0	0.0
C:\Users\Mike\PycharmProjects\readability\classifier_data\30.txt	0.1164021164021164	0.37037037037037035	0.7671957671957672	0.12169312169312169	0.042328042328042326	0.21693121693121692	0.35978835978835977	0.042328042328042326	0.042328042328042326	0.07407407407407407	0.21693121693121692	0.07936507936507936	0.14285714285714285	0.047619047619047616	0.05291005291005291	0.0	0.9285714285714286	4.214285714285714	0.14285714285714285	1.2142857142857142	0.0	0.0	0.14285714285714285	0.2857142857142857	0.42857142857142855	0.5714285714285714	0.14285714285714285	0.026455026455026454	0.1164021164021164	0.010582010582010581	0.09523809523809523	0.015873015873015872	0.042328042328042326	0.0	0.2222222222222222	0.0	0.1935483870967742	0.6428571428571429	0.42857142857142855	0.6428571428571429	0.35714285714285715	0.2857142857142857	0.7142857142857143	0.047619047619047616	0.06349206349206349	0.026455026455026454	0.0	0.0	0.2857142857142857	0.0
C:\Users\Mike\PycharmProjects\readability\classifier_data\31.txt	0.16326530612244897	0.4	0.7183673469387755	0.12653061224489795	0.08163265306122448	0.30612244897959184	0.3183673469387755	0.04081632653061224	0.036734693877551024	0.05714285714285714	0.21224489795918366	0.12244897959183673	0.10612244897959183	0.07755102040816327	0.07755102040816327	0.0	0.7931034482758621	1.793103448275862	0.13793103448275862	0.8275862068965517	0.06896551724137931	0.3448275862068966	0.034482758620689655	0.5172413793103449	0.034482758620689655	1.103448275862069	0.06896551724137931	0.06938775510204082	0.1346938775510204	0.0326530612244898	0.09795918367346938	0.0163265306122449	0.0326530612244898	0.004081632653061225	0.4146341463414634	0.00816326530612245	0.025974025974025976	0.06896551724137931	0.10344827586206896	0.5862068965517241	0.1724137931034483	0.13793103448275862	0.3793103448275862	0.036734693877551024	0.04897959183673469	0.00816326530612245	0.0	0.0	0.20689655172413793	0.0
C:\Users\Mike\PycharmProjects\readability\classifier_data\32.txt	0.15263157894736842	0.3263157894736842	0.6789473684210526	0.15789473684210525	0.06842105263157895	0.26842105263157895	0.30526315789473685	0.03684210526315789	0.07894736842105263	0.09473684210526316	0.21578947368421053	0.12105263157894737	0.08947368421052632	0.06842105263157895	0.05789473684210526	0.015789473684210527	0.8571428571428571	4.5	0.07142857142857142	1.4285714285714286	0.0	0.5	0.0	0.6428571428571429	0.21428571428571427	0.2857142857142857	0.07142857142857142	0.015789473684210527	0.05789473684210526	0.03684210526315789	0.11052631578947368	0.015789473684210527	0.031578947368421054	0.005263157894736842	1.4545454545454546	0.0	0.1527777777777778	0.7142857142857143	0.21428571428571427	0.9285714285714286	0.21428571428571427	0.2857142857142857	0.42857142857142855	0.042105263157894736	0.08947368421052632	0.010526315789473684	0.0	0.0	0.42857142857142855	0.0
C:\Users\Mike\PycharmProjects\readability\classifier_data\33.txt	0.09375	0.3645833333333333	0.7673611111111112	0.10069444444444445	0.04513888888888889	0.2638888888888889	0.3472222222222222	0.04513888888888889	0.04513888888888889	0.09375	0.2048611111111111	0.10069444444444445	0.1423611111111111	0.0625	0.034722222222222224	0.010416666666666666	1.0740740740740742	2.185185185185185	0.2222222222222222	1.0	0.07407407407407407	0.3333333333333333	0.07407407407407407	0.4074074074074074	0.37037037037037035	0.7037037037037037	0.14814814814814814	0.04861111111111111	0.1527777777777778	0.052083333333333336	0.1284722222222222	0.013888888888888888	0.059027777777777776	0.003472222222222222	0.38095238095238093	0.024305555555555556	0.16470588235294117	0.7037037037037037	0.2962962962962963	0.37037037037037035	0.14814814814814814	0.2222222222222222	0.7037037037037037	0.027777777777777776	0.09375	0.017361111111111112	0.0	0.0	0.2962962962962963	0.07407407407407407
C:\Users\Mike\PycharmProjects\readability\classifier_data\34.txt	0.12612612612612611	0.33783783783783783	0.7297297297297297	0.14864864864864866	0.07207207207207207	0.22522522522522523	0.36936936936936937	0.04504504504504504	0.04504504504504504	0.08558558558558559	0.23423423423423423	0.11711711711711711	0.13513513513513514	0.04954954954954955	0.04054054054054054	0.009009009009009009	1.4285714285714286	2.5714285714285716	0.09523809523809523	1.0952380952380953	0.0	0.23809523809523808	0.09523809523809523	0.2857142857142857	0.2857142857142857	0.7142857142857143	0.14285714285714285	0.02702702702702703	0.11711711711711711	0.009009009009009009	0.13963963963963963	0.0045045045045045045	0.07657657657657657	0.0045045045045045045	0.5833333333333334	0.013513513513513514	0.18292682926829268	0.5714285714285714	0.2857142857142857	0.38095238095238093	0.19047619047619047	0.14285714285714285	0.47619047619047616	0.018018018018018018	0.09009009009009009	0.013513513513513514	0.0	0.0	0.19047619047619047	0.0
C:\Users\Mike\PycharmProjects\readability\classifier_data\35.txt	0.15384615384615385	0.3717948717948718	0.7136752136752137	0.1111111111111111	0.10256410256410256	0.23076923076923078	0.3076923076923077	0.04700854700854701	0.038461538461538464	0.0641025641025641	0.18376068376068377	0.12393162393162394	0.12393162393162394	0.08974358974358974	0.09401709401709402	0.004273504273504274	1.32	2.28	0.08	0.88	0.0	0.24	0.16	0.4	0.2	0.8	0.04	0.01282051282051282	0.13675213675213677	0.042735042735042736	0.14102564102564102	0.01282051282051282	0.06837606837606838	0.0	0.3225806451612903	0.01282051282051282	0.0759493670886076	0.28	0.36	0.4	0.2	0.32	0.56	0.042735042735042736	0.0811965811965812	0.008547008547008548	0.0	0.0	0.24	0.08
C:\Users\Mike\PycharmProjects\readability\classifier_data\36.txt	0.09090909090909091	0.4132231404958678	0.7768595041322314	0.1487603305785124	0.05785123966942149	0.18181818181818182	0.3140495867768595	0.01652892561983471	0.03305785123966942	0.08264462809917356	0.23140495867768596	0.14049586776859505	0.08264462809917356	0.08264462809917356	0.06611570247933884	0.04132231404958678	0.42857142857142855	2.142857142857143	0.21428571428571427	0.7857142857142857	0.07142857142857142	0.2857142857142857	0.14285714285714285	0.2857142857142857	0.07142857142857142	0.42857142857142855	0.0	0.024793388429752067	0.11570247933884298	0.03305785123966942	0.1652892561983471	0.024793388429752067	0.06611570247933884	0.0	0.21428571428571427	0.01652892561983471	0.1	0.2857142857142857	0.8571428571428571	0.35714285714285715	0.21428571428571427	0.42857142857142855	0.21428571428571427	0.049586776859504134	0.12396694214876033	0.024793388429752067	0.0	0.0	0.07142857142857142	0.2857142857142857
C:\Users\Mike\PycharmProjects\readability\classifier_data\37.txt	0.12582781456953643	0.48344370860927155	0.7682119205298014	0.11258278145695365	0.052980132450331126	0.3509933774834437	0.304635761589404	0.07947019867549669	0.033112582781456956	0.06622516556291391	0.1456953642384106	0.1456953642384106	0.15894039735099338	0.0728476821192053	0.07947019867549669	0.006622516556291391	1.2105263157894737	1.631578947368421	0.3157894736842105	0.42105263157894735	0.15789473684210525	0.21052631578947367	0.05263157894736842	0.21052631578947367	0.15789473684210525	0.47368421052631576	0.10526315789473684	0.026490066225165563	0.1390728476821192	0.033112582781456956	0.1390728476821192	0.013245033112582781	0.033112582781456956	0.006622516556291391	0.16666666666666666	0.039735099337748346	0.0	0.3157894736842105	0.21052631578947367	0.47368421052631576	0.05263157894736842	0.3684210526315789	0.7368421052631579	0.019867549668874173	0.09933774834437085	0.0	0.0	0.0	0.15789473684210525	0.0
C:\Users\Mike\PycharmProjects\readability\classifier_data\38.txt	0.09217877094972067	0.42178770949720673	0.7486033519553073	0.08659217877094973	0.11452513966480447	0.21508379888268156	0.2541899441340782	0.030726256983240222	0.05307262569832402	0.1005586592178771	0.14804469273743018	0.13687150837988826	0.10614525139664804	0.0893854748603352	0.09776536312849161	0.00558659217877095	0.78125	3.1875	0.5625	1.09375	0.0625	0.21875	0.125	0.28125	0.1875	0.125	0.0625	0.025139664804469275	0.09497206703910614	0.05027932960893855	0.12849162011173185	0.008379888268156424	0.0893854748603352	0.008379888268156424	0.22	0.002793296089385475	0.10714285714285714	0.46875	0.53125	0.5	0.15625	0.21875	0.375	0.05307262569832402	0.08659217877094973	0.025139664804469275	0.002793296089385475	0.0	0.0625	0.15625
C:\Users\Mike\PycharmProjects\readability\classifier_data\39.txt	0.08980582524271845	0.3470873786407767	0.7038834951456311	0.10922330097087378	0.08980582524271845	0.18446601941747573	0.25	0.01699029126213592	0.03640776699029126	0.08737864077669903	0.14805825242718446	0.12864077669902912	0.10194174757281553	0.0825242718446602	0.09466019417475728	0.02669902912621359	0.725	2.9	0.4	1.35	0.025	0.225	0.075	0.175	0.15	0.05	0.025	0.019417475728155338	0.10436893203883495	0.02912621359223301	0.1262135922330097	0.007281553398058253	0.06553398058252427	0.0048543689320388345	0.25	0.0	0.17105263157894737	0.575	0.4	0.35	0.1	0.4	0.3	0.043689320388349516	0.07766990291262135	0.03640776699029126	0.0	0.0	0.05	0.1
C:\Users\Mike\PycharmProjects\readability\classifier_data\4.txt	0.109375	0.328125	0.703125	0.09375	0.09375	0.09375	0.265625	0.0	0.015625	0.09375	0.140625	0.078125	0.125	0.171875	0.046875	0.0	0.6363636363636364	1.0909090909090908	0.2727272727272727	1.0909090909090908	0.0	0.09090909090909091	0.18181818181818182	0.9090909090909091	0.09090909090909091	0.5454545454545454	0.09090909090909091	0.015625	0.09375	0.0625	0.171875	0.0	0.0625	0.0	0.14285714285714285	0.0	0.030303030303030304	0.36363636363636365	0.8181818181818182	0.18181818181818182	0.0	0.18181818181818182	0.09090909090909091	0.0625	0.125	0.0625	0.0	0.0	0.0	0.0
C:\Users\Mike\PycharmProjects\readability\classifier_data\40.txt	0.16042780748663102	0.2700534759358289	0.6550802139037433	0.1443850267379679	0.08021390374331551	0.2192513368983957	0.2887700534759358	0.026737967914438502	0.029411764705882353	0.06684491978609626	0.18181818181818182	0.0962566844919786	0.10695187165775401	0.0855614973262032	0.0481283422459893	0.029411764705882353	0.8529411764705882	2.2941176470588234	0.2647058823529412	1.6176470588235294	0.08823529411764706	0.35294117647058826	0.08823529411764706	0.4411764705882353	0.14705882352941177	0.14705882352941177	0.11764705882352941	0.0053475935828877	0.11764705882352941	0.05080213903743316	0.11764705882352941	0.0053475935828877	0.08021390374331551	0.0053475935828877	0.19047619047619047	0.00267379679144385	0.1588785046728972	0.23529411764705882	0.35294117647058826	0.6176470588235294	0.23529411764705882	0.2647058823529412	0.47058823529411764	0.02406417112299465	0.09358288770053476	0.016042780748663103	0.0	0.0	0.20588235294117646	0.23529411764705882
C:\Users\Mike\PycharmProjects\readability\classifier_data\41.txt	0.12461059190031153	0.3333333333333333	0.6884735202492211	0.11526479750778816	0.07165109034267912	0.19937694704049844	0.2897196261682243	0.028037383177570093	0.021806853582554516	0.09968847352024922	0.16822429906542055	0.10903426791277258	0.12149532710280374	0.09657320872274143	0.04984423676012461	0.03115264797507788	1.48	3.2	0.52	1.12	0.0	0.44	0.08	0.2	0.24	0.08	0.04	0.028037383177570093	0.12461059190031153	0.06542056074766354	0.14953271028037382	0.018691588785046728	0.06230529595015576	0.003115264797507788	0.27450980392156865	0.006230529595015576	0.0975609756097561	0.32	0.4	0.56	0.08	0.24	0.52	0.037383177570093455	0.102803738317757	0.03115264797507788	0.0	0.0	0.24	0.0
C:\Users\Mike\PycharmProjects\readability\classifier_data\42.txt	0.10423452768729642	0.3583061889250814	0.6872964169381107	0.1270358306188925	0.08143322475570032	0.21172638436482086	0.28013029315960913	0.04234527687296417	0.05537459283387622	0.05863192182410423	0.17263843648208468	0.08469055374592833	0.10749185667752444	0.08794788273615635	0.06840390879478828	0.02280130293159609	0.9545454545454546	3.3181818181818183	0.5909090909090909	1.0	0.045454545454545456	0.22727272727272727	0.18181818181818182	0.09090909090909091	0.2727272727272727	0.18181818181818182	0.045454545454545456	0.026058631921824105	0.1237785016286645	0.03908794788273615	0.08794788273615635	0.02280130293159609	0.05537459283387622	0.009771986970684038	0.3559322033898305	0.009771986970684038	0.07	0.36363636363636365	0.7272727272727273	0.6363636363636364	0.13636363636363635	0.5	0.6818181818181818	0.029315960912052116	0.06514657980456026	0.035830618892508145	0.0	0.0	0.09090909090909091	0.09090909090909091
C:\Users\Mike\PycharmProjects\readability\classifier_data\43.txt	0.1541501976284585	0.36363636363636365	0.6561264822134387	0.13043478260869565	0.08300395256916997	0.22529644268774704	0.2964426877470356	0.05928853754940711	0.019762845849802372	0.05533596837944664	0.2134387351778656	0.11067193675889328	0.08300395256916997	0.05928853754940711	0.05928853754940711	0.003952569169960474	0.5789473684210527	3.5789473684210527	0.21052631578947367	1.736842105263158	0.0	0.631578947368421	0.0	0.3157894736842105	0.3157894736842105	0.6842105263157895	0.10526315789473684	0.023715415019762844	0.09486166007905138	0.039525691699604744	0.13043478260869565	0.03162055335968379	0.02766798418972332	0.003952569169960474	0.28125	0.007905138339920948	0.11458333333333333	0.6842105263157895	0.631578947368421	0.7368421052631579	0.10526315789473684	0.2631578947368421	0.47368421052631576	0.05138339920948617	0.09881422924901186	0.05533596837944664	0.0	0.0	0.2631578947368421	0.05263157894736842
C:\Users\Mike\PycharmProjects\readability\classifier_data\44.txt	0.1072961373390558	0.30472103004291845	0.6995708154506438	0.16738197424892703	0.09871244635193133	0.18025751072961374	0.34334763948497854	0.060085836909871244	0.030042918454935622	0.09871244635193133	0.2017167381974249	0.0944206008583691	0.14163090128755365	0.07725321888412018	0.04721030042918455	0.017167381974248927	0.5294117647058824	3.764705882352941	0.17647058823529413	1.7058823529411764	0.0	0.47058823529411764	0.11764705882352941	0.29411764705882354	0.23529411764705882	0.11764705882352941	0.11764705882352941	0.017167381974248927	0.12017167381974249	0.05150214592274678	0.13304721030042918	0.012875536480686695	0.03862660944206009	0.004291845493562232	0.9130434782608695	0.0	0.12941176470588237	1.0	0.35294117647058826	0.7058823529411765	0.35294117647058826	0.4117647058823529	0.23529411764705882	0.05150214592274678	0.07725321888412018	0.02145922746781116	0.0	0.0	0.11764705882352941	0.0
C:\Users\Mike\PycharmProjects\readability\classifier_data\45.txt	0.10365853658536585	0.3018292682926829	0.7408536585365854	0.17073170731707318	0.04878048780487805	0.2347560975609756	0.38414634146341464	0.027439024390243903	0.06097560975609756	0.08536585365853659	0.2225609756097561	0.08841463414634146	0.16158536585365854	0.04878048780487805	0.036585365853658534	0.009146341463414634	0.84	3.28	0.32	1.4	0.0	0.28	0.12	0.24	0.28	0.84	0.12	0.03353658536585366	0.17682926829268292	0.03048780487804878	0.10365853658536585	0.003048780487804878	0.042682926829268296	0.0	0.3488372093023256	0.009146341463414634	0.07207207207207207	0.84	0.24	0.4	0.4	0.48	0.6	0.021341463414634148	0.06097560975609756	0.027439024390243903	0.0	0.0	0.32	0.16
C:\Users\Mike\PycharmProjects\readability\classifier_data\46.txt	0.1271551724137931	0.40948275862068967	0.7693965517241379	0.13793103448275862	0.07327586206896551	0.2974137931034483	0.3275862068965517	0.05172413793103448	0.05387931034482758	0.07974137931034483	0.20905172413793102	0.09267241379310345	0.11853448275862069	0.0668103448275862	0.06465517241379311	0.00646551724137931	0.8048780487804879	3.2195121951219514	0.3170731707317073	0.8292682926829268	0.07317073170731707	0.24390243902439024	0.14634146341463414	0.36585365853658536	0.14634146341463414	0.8780487804878049	0.07317073170731707	0.017241379310344827	0.11853448275862069	0.05603448275862069	0.10775862068965517	0.008620689655172414	0.04310344827586207	0.0	0.5151515151515151	0.0	0.16	0.21951219512195122	0.43902439024390244	0.4634146341463415	0.24390243902439024	0.36585365853658536	0.7804878048780488	0.04310344827586207	0.06896551724137931	0.021551724137931036	0.0	0.0	0.3170731707317073	0.04878048780487805
C:\Users\Mike\PycharmProjects\readability\classifier_data\47.txt	0.10975609756097561	0.34843205574912894	0.7229965156794426	0.12369337979094076	0.08362369337979095	0.25609756097560976	0.3153310104529617	0.05749128919860627	0.05574912891986063	0.06968641114982578	0.17770034843205576	0.10627177700348432	0.13763066202090593	0.08188153310104529	0.06097560975609756	0.010452961672473868	0.9824561403508771	1.9649122807017543	0.24561403508771928	1.1403508771929824	0.03508771929824561	0.2807017543859649	0.07017543859649122	0.3157894736842105	0.14035087719298245	1.0	0.08771929824561403	0.010452961672473868	0.1445993031358885	0.036585365853658534	0.1254355400696864	0.003484320557491289	0.047038327526132406	0.0017421602787456446	0.3764705882352941	0.013937282229965157	0.08947368421052632	0.43859649122807015	0.42105263157894735	0.5087719298245614	0.22807017543859648	0.24561403508771928	0.38596491228070173	0.027874564459930314	0.09059233449477352	0.0156794425087108	0.0	0.0	0.15789473684210525	0.05263157894736842
C:\Users\Mike\PycharmProjects\readability\classifier_data\48.txt	0.13877551020408163	0.33877551020408164	0.7142857142857143	0.10612244897959183	0.04897959183673469	0.23265306122448978	0.2816326530612245	0.0326530612244898	0.044897959183673466	0.11428571428571428	0.17142857142857143	0.08979591836734693	0.11020408163265306	0.1510204081632653	0.04897959183673469	0.004081632653061225	0.9166666666666666	2.5416666666666665	0.2916666666666667	1.0833333333333333	0.041666666666666664	0.20833333333333334	0.16666666666666666	0.3333333333333333	0.16666666666666666	0.7083333333333334	0.08333333333333333	0.012244897959183673	0.11020408163265306	0.08979591836734693	0.19183673469387755	0.0163265306122449	0.036734693877551024	0.0	0.38461538461538464	0.0	0.20238095238095238	0.5	0.375	0.375	0.20833333333333334	0.2916666666666667	0.4166666666666667	0.02857142857142857	0.13877551020408163	0.012244897959183673	0.0	0.0	0.25	0.041666666666666664
C:\Users\Mike\PycharmProjects\readability\classifier_data\49.txt	0.12953367875647667	0.3920552677029361	0.7167530224525043	0.10535405872193437	0.055267702936096716	0.24870466321243523	0.21070811744386875	0.03626943005181347	0.055267702936096716	0.06217616580310881	0.10362694300518134	0.10362694300518134	0.1070811744386874	0.05872193436960276	0.04835924006908463	0.04317789291882556	2.0714285714285716	5.857142857142857	0.8214285714285714	3.1785714285714284	0.0	0.25	0.25	0.14285714285714285	0.25	0.6428571428571429	0.03571428571428571	0.017271157167530225	0.0690846286701209	0.055267702936096716	0.11398963730569948	0.0017271157167530224	0.07599309153713299	0.0017271157167530224	0.1935483870967742	0.0034542314335060447	0.1483050847457627	0.9642857142857143	0.8214285714285714	1.4642857142857142	0.4642857142857143	0.2857142857142857	0.6785714285714286	0.03281519861830743	0.07772020725388601	0.04145077720207254	0.0	0.0	0.07142857142857142	0.25
C:\Users\Mike\PycharmProjects\readability\classifier_data\5.txt	0.09259259259259259	0.3611111111111111	0.6666666666666666	0.12037037037037036	0.07407407407407407	0.17592592592592593	0.2777777777777778	0.046296296296296294	0.027777777777777776	0.09259259259259259	0.16666666666666666	0.05555555555555555	0.1111111111111111	0.046296296296296294	0.027777777777777776	0.018518518518518517	0.625	1.375	0.0625	1.125	0.0	0.3125	0.0	0.75	0.0	0.8125	0.0625	0.009259259259259259	0.10185185185185185	0.027777777777777776	0.06481481481481481	0.0	0.08333333333333333	0.0	0.21428571428571427	0.009259259259259259	0.02	0.5	0.4375	0.0625	0.0	0.125	0.25	0.046296296296296294	0.027777777777777776	0.018518518518518517	0.0	0.0	0.0	0.0
C:\Users\Mike\PycharmProjects\readability\classifier_data\50.txt	0.10131332082551595	0.32082551594746717	0.7148217636022514	0.11069418386491557	0.10318949343339587	0.1951219512195122	0.2401500938086304	0.03377110694183865	0.0375234521575985	0.0525328330206379	0.13696060037523453	0.1125703564727955	0.10318949343339587	0.07879924953095685	0.05065666041275797	0.013133208255159476	1.3333333333333333	3.641025641025641	0.20512820512820512	1.8205128205128205	0.0	0.28205128205128205	0.02564102564102564	0.1282051282051282	0.23076923076923078	0.48717948717948717	0.02564102564102564	0.01876172607879925	0.0900562851782364	0.04878048780487805	0.1294559099437148	0.00375234521575985	0.0900562851782364	0.001876172607879925	0.44	0.005628517823639775	0.17346938775510204	0.9743589743589743	0.20512820512820512	0.5641025641025641	0.28205128205128205	0.4358974358974359	0.41025641025641024	0.04690431519699812	0.0900562851782364	0.03564727954971857	0.0	0.0	0.07692307692307693	0.07692307692307693
C:\Users\Mike\PycharmProjects\readability\classifier_data\51.txt	0.09620991253644315	0.39941690962099125	0.7201166180758017	0.11370262390670553	0.052478134110787174	0.21865889212827988	0.2536443148688047	0.03206997084548105	0.04956268221574344	0.07871720116618076	0.1457725947521866	0.11661807580174927	0.10787172011661808	0.0641399416909621	0.052478134110787174	0.014577259475218658	1.4137931034482758	2.7586206896551726	0.5862068965517241	1.103448275862069	0.0	0.3103448275862069	0.13793103448275862	0.10344827586206896	0.27586206896551724	0.06896551724137931	0.0	0.011661807580174927	0.08746355685131195	0.04956268221574344	0.15160349854227406	0.029154518950437316	0.08163265306122448	0.011661807580174927	0.12962962962962962	0.0029154518950437317	0.05194805194805195	0.41379310344827586	0.9655172413793104	0.5172413793103449	0.13793103448275862	0.13793103448275862	0.27586206896551724	0.05539358600583091	0.09329446064139942	0.03206997084548105	0.0	0.0	0.3103448275862069	0.10344827586206896
C:\Users\Mike\PycharmProjects\readability\classifier_data\52.txt	0.11982570806100218	0.3289760348583878	0.664488017429194	0.16993464052287582	0.07625272331154684	0.22004357298474944	0.289760348583878	0.0392156862745098	0.032679738562091505	0.06100217864923747	0.16122004357298475	0.09803921568627451	0.12854030501089325	0.0457516339869281	0.054466230936819175	0.026143790849673203	0.8918918918918919	2.7837837837837838	0.3783783783783784	1.837837837837838	0.0	0.2972972972972973	0.13513513513513514	0.08108108108108109	0.24324324324324326	0.32432432432432434	0.05405405405405406	0.008714596949891068	0.07625272331154684	0.034858387799564274	0.08932461873638345	0.013071895424836602	0.08496732026143791	0.002178649237472767	0.19318181818181818	0.0	0.2708333333333333	0.3783783783783784	0.5135135135135135	0.5675675675675675	0.2972972972972973	0.24324324324324326	0.8648648648648649	0.054466230936819175	0.06100217864923747	0.02178649237472767	0.0	0.0	0.10810810810810811	0.16216216216216217
C:\Users\Mike\PycharmProjects\readability\classifier_data\53.txt	0.12570781426953567	0.35447338618346547	0.739524348810872	0.15175537938844846	0.09739524348810873	0.22536806342015855	0.3204983012457531	0.04756511891279728	0.04190260475651189	0.08380520951302378	0.18459796149490373	0.11325028312570781	0.13590033975084936	0.07021517553793885	0.06455266138165346	0.020385050962627407	1.3380281690140845	2.9295774647887325	0.39436619718309857	1.352112676056338	0.0	0.29577464788732394	0.07042253521126761	0.18309859154929578	0.2535211267605634	0.8450704225352113	0.0	0.022650056625141562	0.09739524348810873	0.039637599093997736	0.13816534541336353	0.01245753114382786	0.035107587768969425	0.0011325028312570782	0.2773109243697479	0.011325028312570781	0.20238095238095238	0.8028169014084507	0.5070422535211268	0.5774647887323944	0.39436619718309857	0.3380281690140845	0.38028169014084506	0.056625141562853906	0.08154020385050963	0.01925254813137033	0.0	0.0	0.2112676056338028	0.028169014084507043
C:\Users\Mike\PycharmProjects\readability\classifier_data\54.txt	0.09768211920529801	0.3658940397350993	0.7135761589403974	0.13410596026490065	0.07119205298013245	0.19370860927152317	0.29304635761589404	0.03145695364238411	0.03642384105960265	0.056291390728476824	0.1672185430463576	0.12748344370860928	0.12582781456953643	0.059602649006622516	0.052980132450331126	0.02152317880794702	1.90625	3.9375	0.78125	2.34375	0.0	0.21875	0.21875	0.25	0.28125	0.78125	0.03125	0.019867549668874173	0.12748344370860928	0.052980132450331126	0.1390728476821192	0.023178807947019868	0.076158940397351	0.0016556291390728477	0.3146067415730337	0.016556291390728478	0.1262135922330097	0.71875	0.84375	0.5625	0.53125	0.375	0.75	0.04304635761589404	0.09437086092715231	0.023178807947019868	0.0	0.0	0.25	0.15625
C:\Users\Mike\PycharmProjects\readability\classifier_data\6.txt	0.05194805194805195	0.35064935064935066	0.7662337662337663	0.14285714285714285	0.06493506493506493	0.16883116883116883	0.38961038961038963	0.025974025974025976	0.05194805194805195	0.1038961038961039	0.23376623376623376	0.1038961038961039	0.15584415584415584	0.03896103896103896	0.05194805194805195	0.0	0.6666666666666666	0.8333333333333334	0.25	0.5833333333333334	0.0	0.16666666666666666	0.08333333333333333	0.9166666666666666	0.0	0.5833333333333334	0.0	0.0	0.09090909090909091	0.012987012987012988	0.07792207792207792	0.012987012987012988	0.09090909090909091	0.0	0.375	0.0	0.02857142857142857	0.8333333333333334	0.5833333333333334	0.16666666666666666	0.25	0.4166666666666667	0.25	0.012987012987012988	0.05194805194805195	0.012987012987012988	0.0	0.0	0.0	0.0
C:\Users\Mike\PycharmProjects\readability\classifier_data\7.txt	0.0847457627118644	0.3728813559322034	0.7203389830508474	0.11016949152542373	0.1271186440677966	0.1440677966101695	0.2457627118644068	0.00847457627118644	0.0423728813559322	0.0423728813559322	0.17796610169491525	0.1016949152542373	0.06779661016949153	0.11864406779661017	0.11864406779661017	0.00847457627118644	1.1428571428571428	1.7857142857142858	0.7142857142857143	0.7857142857142857	0.0	0.07142857142857142	0.14285714285714285	0.5714285714285714	0.14285714285714285	0.35714285714285715	0.0	0.0	0.06779661016949153	0.06779661016949153	0.1016949152542373	0.01694915254237288	0.06779661016949153	0.0	0.2	0.0	0.041666666666666664	0.42857142857142855	0.42857142857142855	0.5	0.07142857142857142	0.2857142857142857	0.21428571428571427	0.06779661016949153	0.059322033898305086	0.025423728813559324	0.0	0.0	0.0	0.0
C:\Users\Mike\PycharmProjects\readability\classifier_data\8.txt	0.1	0.37	0.72	0.11	0.06	0.18	0.29	0.04	0.02	0.12	0.18	0.06	0.11	0.1	0.11	0.02	0.6666666666666666	1.3333333333333333	0.25	1.4166666666666667	0.08333333333333333	0.25	0.08333333333333333	0.8333333333333334	0.25	0.75	0.0	0.01	0.09	0.02	0.08	0.0	0.05	0.0	0.3	0.01	0.04878048780487805	0.6666666666666666	0.5	0.25	0.0	0.25	0.25	0.04	0.07	0.01	0.0	0.0	0.0	0.08333333333333333
C:\Users\Mike\PycharmProjects\readability\classifier_data\9.txt	0.147239263803681	0.3067484662576687	0.7177914110429447	0.12269938650306748	0.049079754601226995	0.2822085889570552	0.24539877300613497	0.05521472392638037	0.04294478527607362	0.05521472392638037	0.1901840490797546	0.09202453987730061	0.05521472392638037	0.049079754601226995	0.03680981595092025	0.018404907975460124	1.0714285714285714	3.0714285714285716	0.2857142857142857	1.2142857142857142	0.0	0.2857142857142857	0.14285714285714285	0.14285714285714285	0.35714285714285715	0.2857142857142857	0.14285714285714285	0.03680981595092025	0.07975460122699386	0.018404907975460124	0.09202453987730061	0.006134969325153374	0.06748466257668712	0.018404907975460124	0.30434782608695654	0.006134969325153374	0.12903225806451613	0.21428571428571427	0.42857142857142855	0.9285714285714286	0.14285714285714285	0.21428571428571427	0.35714285714285715	0.012269938650306749	0.0736196319018405	0.06134969325153374	0.0	0.0	0.21428571428571427	0.07142857142857142