,filename,stressed_first_v_W,c_in_the_end_W,c_in_the_beginning_W,two_syl_open_syls_W,three_syl_open_syls_W,one_syl_W,two_syl_W,one_syl_cvc_W,one_syl_begin_cc_W,two_syl_begin_cc_W,two_syl_1th_stressed_W,three_syl_2nd_stressed_W,two_syl_2nd_stressed_W,three_syl_1th_stressed_W,three_syl_cv_pattern_W,four_syl_cv_pattern_W,nom_S,acc_S,dat_S,abl_S,sent_simple_S,sent_two_homogen_S,sent_three_homogen_S,no_predic_S,sent_complic_soch_S,verbs_pers_S,parenth_S,one_syl_end_cc_W,two_syl_middle_cc_W,three_syl_begin_cc_W,three_syl_middle_cc_W,three_syl_end_cc_W,four_syl_cc_on_the_edge_W,five_syl_cv_pattern_W,adv_W,numeral_W,a_pro_W,gen_S,ins_S,coord_conjs_num_S,sent_complic_depend_S,inverse_S,s_pro_S,three_syl_3rd_stressed_W,three_syl_cc_on_the_edge_W,five_syl_cc_on_the_edge_W,rare_obsol_W,foreign_W,alt_conjs_num_S,particip_clause_S,text_level
0,C:\Users\Mike\PycharmProjects\readability\texts_acc_to_classes\1\253978_korol-drozdoborod.txt,0.1056338028169014,0.3503521126760563,0.7623239436619719,0.1795774647887324,0.07042253521126761,0.2482394366197183,0.3908450704225352,0.02464788732394366,0.04225352112676056,0.11795774647887325,0.1866197183098592,0.0897887323943662,0.20422535211267606,0.054577464788732384,0.07394366197183097,0.0017605633802816902,0.9,1.3625,0.2,0.5,0.05,0.2125,0.0625,0.2375,0.1,0.525,0.025,0.007042253521126761,0.15669014084507046,0.04401408450704225,0.12323943661971833,0.017605633802816902,0.03873239436619718,0.0,0.1888111888111888,0.0035211267605633804,0.1310344827586207,0.1,0.2625,0.2625,0.05,0.2875,0.85,0.0880281690140845,0.0897887323943662,0.01232394366197183,0.0,0.0,0.1125,0.025,1
1,C:\Users\Mike\PycharmProjects\readability\texts_acc_to_classes\1\bianki_pervaya_ohota.txt,0.1056338028169014,0.3503521126760563,0.7623239436619719,0.1795774647887324,0.07042253521126761,0.2482394366197183,0.3908450704225352,0.02464788732394366,0.04225352112676056,0.11795774647887325,0.1866197183098592,0.0897887323943662,0.20422535211267606,0.054577464788732384,0.07394366197183097,0.0017605633802816902,0.9,1.3625,0.2,0.5,0.05,0.2125,0.0625,0.2375,0.1,0.525,0.025,0.007042253521126761,0.15669014084507046,0.04401408450704225,0.12323943661971833,0.017605633802816902,0.03873239436619718,0.0,0.1888111888111888,0.0035211267605633804,0.1310344827586207,0.1,0.2625,0.2625,0.05,0.2875,0.85,0.0880281690140845,0.0897887323943662,0.01232394366197183,0.0,0.0,0.1125,0.025,1
2,C:\Users\Mike\PycharmProjects\readability\texts_acc_to_classes\1\bychok_smolyanoi_bochok.txt,0.1056338028169014,0.3503521126760563,0.7623239436619719,0.1795774647887324,0.07042253521126761,0.2482394366197183,0.3908450704225352,0.02464788732394366,0.04225352112676056,0.11795774647887325,0.1866197183098592,0.0897887323943662,0.20422535211267606,0.054577464788732384,0.07394366197183097,0.0017605633802816902,0.9,1.3625,0.2,0.5,0.05,0.2125,0.0625,0.2375,0.1,0.525,0.025,0.007042253521126761,0.15669014084507046,0.04401408450704225,0.12323943661971833,0.017605633802816902,0.03873239436619718,0.0,0.1888111888111888,0.0035211267605633804,0.1310344827586207,0.1,0.2625,0.2625,0.05,0.2875,0.85,0.0880281690140845,0.0897887323943662,0.01232394366197183,0.0,0.0,0.1125,0.025,1
3,C:\Users\Mike\PycharmProjects\readability\texts_acc_to_classes\1\havroshechka.txt,0.1056338028169014,0.3503521126760563,0.7623239436619719,0.1795774647887324,0.07042253521126761,0.2482394366197183,0.3908450704225352,0.02464788732394366,0.04225352112676056,0.11795774647887325,0.1866197183098592,0.0897887323943662,0.20422535211267606,0.054577464788732384,0.07394366197183097,0.0017605633802816902,0.9,1.3625,0.2,0.5,0.05,0.2125,0.0625,0.2375,0.1,0.525,0.025,0.007042253521126761,0.15669014084507046,0.04401408450704225,0.12323943661971833,0.017605633802816902,0.03873239436619718,0.0,0.1888111888111888,0.0035211267605633804,0.1310344827586207,0.1,0.2625,0.2625,0.05,0.2875,0.85,0.0880281690140845,0.0897887323943662,0.01232394366197183,0.0,0.0,0.1125,0.025,1
4,C:\Users\Mike\PycharmProjects\readability\texts_acc_to_classes\1\kataev_dudochka_i_kuvshinchik.txt,0.1056338028169014,0.3503521126760563,0.7623239436619719,0.1795774647887324,0.07042253521126761,0.2482394366197183,0.3908450704225352,0.02464788732394366,0.04225352112676056,0.11795774647887325,0.1866197183098592,0.0897887323943662,0.20422535211267606,0.054577464788732384,0.07394366197183097,0.0017605633802816902,0.9,1.3625,0.2,0.5,0.05,0.2125,0.0625,0.2375,0.1,0.525,0.025,0.007042253521126761,0.15669014084507046,0.04401408450704225,0.12323943661971833,0.017605633802816902,0.03873239436619718,0.0,0.1888111888111888,0.0035211267605633804,0.1310344827586207,0.1,0.2625,0.2625,0.05,0.2875,0.85,0.0880281690140845,0.0897887323943662,0.01232394366197183,0.0,0.0,0.1125,0.025,1
5,C:\Users\Mike\PycharmProjects\readability\texts_acc_to_classes\1\kot_petuh_i_lisa.txt,0.1056338028169014,0.3503521126760563,0.7623239436619719,0.1795774647887324,0.07042253521126761,0.2482394366197183,0.3908450704225352,0.02464788732394366,0.04225352112676056,0.11795774647887325,0.1866197183098592,0.0897887323943662,0.20422535211267606,0.054577464788732384,0.07394366197183097,0.0017605633802816902,0.9,1.3625,0.2,0.5,0.05,0.2125,0.0625,0.2375,0.1,0.525,0.025,0.007042253521126761,0.15669014084507046,0.04401408450704225,0.12323943661971833,0.017605633802816902,0.03873239436619718,0.0,0.1888111888111888,0.0035211267605633804,0.1310344827586207,0.1,0.2625,0.2625,0.05,0.2875,0.85,0.0880281690140845,0.0897887323943662,0.01232394366197183,0.0,0.0,0.1125,0.025,1
6,C:\Users\Mike\PycharmProjects\readability\texts_acc_to_classes\1\lisa_i_volk.txt,0.1056338028169014,0.3503521126760563,0.7623239436619719,0.1795774647887324,0.07042253521126761,0.2482394366197183,0.3908450704225352,0.02464788732394366,0.04225352112676056,0.11795774647887325,0.1866197183098592,0.0897887323943662,0.20422535211267606,0.054577464788732384,0.07394366197183097,0.0017605633802816902,0.9,1.3625,0.2,0.5,0.05,0.2125,0.0625,0.2375,0.1,0.525,0.025,0.007042253521126761,0.15669014084507046,0.04401408450704225,0.12323943661971833,0.017605633802816902,0.03873239436619718,0.0,0.1888111888111888,0.0035211267605633804,0.1310344827586207,0.1,0.2625,0.2625,0.05,0.2875,0.85,0.0880281690140845,0.0897887323943662,0.01232394366197183,0.0,0.0,0.1125,0.025,1
7,C:\Users\Mike\PycharmProjects\readability\texts_acc_to_classes\1\listopadnichek.txt,0.1056338028169014,0.3503521126760563,0.7623239436619719,0.1795774647887324,0.07042253521126761,0.2482394366197183,0.3908450704225352,0.02464788732394366,0.04225352112676056,0.11795774647887325,0.1866197183098592,0.0897887323943662,0.20422535211267606,0.054577464788732384,0.07394366197183097,0.0017605633802816902,0.9,1.3625,0.2,0.5,0.05,0.2125,0.0625,0.2375,0.1,0.525,0.025,0.007042253521126761,0.15669014084507046,0.04401408450704225,0.12323943661971833,0.017605633802816902,0.03873239436619718,0.0,0.1888111888111888,0.0035211267605633804,0.1310344827586207,0.1,0.2625,0.2625,0.05,0.2875,0.85,0.0880281690140845,0.0897887323943662,0.01232394366197183,0.0,0.0,0.1125,0.025,1
8,C:\Users\Mike\PycharmProjects\readability\texts_acc_to_classes\1\nosov_zhivaya_shlyapa.txt,0.1056338028169014,0.3503521126760563,0.7623239436619719,0.1795774647887324,0.07042253521126761,0.2482394366197183,0.3908450704225352,0.02464788732394366,0.04225352112676056,0.11795774647887325,0.1866197183098592,0.0897887323943662,0.20422535211267606,0.054577464788732384,0.07394366197183097,0.0017605633802816902,0.9,1.3625,0.2,0.5,0.05,0.2125,0.0625,0.2375,0.1,0.525,0.025,0.007042253521126761,0.15669014084507046,0.04401408450704225,0.12323943661971833,0.017605633802816902,0.03873239436619718,0.0,0.1888111888111888,0.0035211267605633804,0.1310344827586207,0.1,0.2625,0.2625,0.05,0.2875,0.85,0.0880281690140845,0.0897887323943662,0.01232394366197183,0.0,0.0,0.1125,0.025,1
9,C:\Users\Mike\PycharmProjects\readability\texts_acc_to_classes\1\petuh_i_sobaka.txt,0.1056338028169014,0.3503521126760563,0.7623239436619719,0.1795774647887324,0.07042253521126761,0.2482394366197183,0.3908450704225352,0.02464788732394366,0.04225352112676056,0.11795774647887325,0.1866197183098592,0.0897887323943662,0.20422535211267606,0.054577464788732384,0.07394366197183097,0.0017605633802816902,0.9,1.3625,0.2,0.5,0.05,0.2125,0.0625,0.2375,0.1,0.525,0.025,0.007042253521126761,0.15669014084507046,0.04401408450704225,0.12323943661971833,0.017605633802816902,0.03873239436619718,0.0,0.1888111888111888,0.0035211267605633804,0.1310344827586207,0.1,0.2625,0.2625,0.05,0.2875,0.85,0.0880281690140845,0.0897887323943662,0.01232394366197183,0.0,0.0,0.1125,0.025,1
10,C:\Users\Mike\PycharmProjects\readability\texts_acc_to_classes\1\princessa_na_goroshine.txt,0.1056338028169014,0.3503521126760563,0.7623239436619719,0.1795774647887324,0.07042253521126761,0.2482394366197183,0.3908450704225352,0.02464788732394366,0.04225352112676056,0.11795774647887325,0.1866197183098592,0.0897887323943662,0.20422535211267606,0.054577464788732384,0.07394366197183097,0.0017605633802816902,0.9,1.3625,0.2,0.5,0.05,0.2125,0.0625,0.2375,0.1,0.525,0.025,0.007042253521126761,0.15669014084507046,0.04401408450704225,0.12323943661971833,0.017605633802816902,0.03873239436619718,0.0,0.1888111888111888,0.0035211267605633804,0.1310344827586207,0.1,0.2625,0.2625,0.05,0.2875,0.85,0.0880281690140845,0.0897887323943662,0.01232394366197183,0.0,0.0,0.1125,0.025,1
11,C:\Users\Mike\PycharmProjects\readability\texts_acc_to_classes\1\prishvin_ezh.txt,0.1056338028169014,0.3503521126760563,0.7623239436619719,0.1795774647887324,0.07042253521126761,0.2482394366197183,0.3908450704225352,0.02464788732394366,0.04225352112676056,0.11795774647887325,0.1866197183098592,0.0897887323943662,0.20422535211267606,0.054577464788732384,0.07394366197183097,0.0017605633802816902,0.9,1.3625,0.2,0.5,0.05,0.2125,0.0625,0.2375,0.1,0.525,0.025,0.007042253521126761,0.15669014084507046,0.04401408450704225,0.12323943661971833,0.017605633802816902,0.03873239436619718,0.0,0.1888111888111888,0.0035211267605633804,0.1310344827586207,0.1,0.2625,0.2625,0.05,0.2875,0.85,0.0880281690140845,0.0897887323943662,0.01232394366197183,0.0,0.0,0.1125,0.025,1
12,C:\Users\Mike\PycharmProjects\readability\texts_acc_to_classes\1\prishvin_glotok_moloka.txt,0.1056338028169014,0.3503521126760563,0.7623239436619719,0.1795774647887324,0.07042253521126761,0.2482394366197183,0.3908450704225352,0.02464788732394366,0.04225352112676056,0.11795774647887325,0.1866197183098592,0.0897887323943662,0.20422535211267606,0.054577464788732384,0.07394366197183097,0.0017605633802816902,0.9,1.3625,0.2,0.5,0.05,0.2125,0.0625,0.2375,0.1,0.525,0.025,0.007042253521126761,0.15669014084507046,0.04401408450704225,0.12323943661971833,0.017605633802816902,0.03873239436619718,0.0,0.1888111888111888,0.0035211267605633804,0.1310344827586207,0.1,0.2625,0.2625,0.05,0.2875,0.85,0.0880281690140845,0.0897887323943662,0.01232394366197183,0.0,0.0,0.1125,0.025,1
13,C:\Users\Mike\PycharmProjects\readability\texts_acc_to_classes\1\prishvin_predmayskoe_utro.txt,0.1056338028169014,0.3503521126760563,0.7623239436619719,0.1795774647887324,0.07042253521126761,0.2482394366197183,0.3908450704225352,0.02464788732394366,0.04225352112676056,0.11795774647887325,0.1866197183098592,0.0897887323943662,0.20422535211267606,0.054577464788732384,0.07394366197183097,0.0017605633802816902,0.9,1.3625,0.2,0.5,0.05,0.2125,0.0625,0.2375,0.1,0.525,0.025,0.007042253521126761,0.15669014084507046,0.04401408450704225,0.12323943661971833,0.017605633802816902,0.03873239436619718,0.0,0.1888111888111888,0.0035211267605633804,0.1310344827586207,0.1,0.2625,0.2625,0.05,0.2875,0.85,0.0880281690140845,0.0897887323943662,0.01232394366197183,0.0,0.0,0.1125,0.025,1
14,C:\Users\Mike\PycharmProjects\readability\texts_acc_to_classes\1\rukavichka.txt,0.1056338028169014,0.3503521126760563,0.7623239436619719,0.1795774647887324,0.07042253521126761,0.2482394366197183,0.3908450704225352,0.02464788732394366,0.04225352112676056,0.11795774647887325,0.1866197183098592,0.0897887323943662,0.20422535211267606,0.054577464788732384,0.07394366197183097,0.0017605633802816902,0.9,1.3625,0.2,0.5,0.05,0.2125,0.0625,0.2375,0.1,0.525,0.025,0.007042253521126761,0.15669014084507046,0.04401408450704225,0.12323943661971833,0.017605633802816902,0.03873239436619718,0.0,0.1888111888111888,0.0035211267605633804,0.1310344827586207,0.1,0.2625,0.2625,0.05,0.2875,0.85,0.0880281690140845,0.0897887323943662,0.01232394366197183,0.0,0.0,0.1125,0.025,1
15,C:\Users\Mike\PycharmProjects\readability\texts_acc_to_classes\1\snegirev_skvorets.txt,0.1056338028169014,0.3503521126760563,0.7623239436619719,0.1795774647887324,0.07042253521126761,0.2482394366197183,0.3908450704225352,0.02464788732394366,0.04225352112676056,0.11795774647887325,0.1866197183098592,0.0897887323943662,0.20422535211267606,0.054577464788732384,0.07394366197183097,0.0017605633802816902,0.9,1.3625,0.2,0.5,0.05,0.2125,0.0625,0.2375,0.1,0.525,0.025,0.007042253521126761,0.15669014084507046,0.04401408450704225,0.12323943661971833,0.017605633802816902,0.03873239436619718,0.0,0.1888111888111888,0.0035211267605633804,0.1310344827586207,0.1,0.2625,0.2625,0.05,0.2875,0.85,0.0880281690140845,0.0897887323943662,0.01232394366197183,0.0,0.0,0.1125,0.025,1
16,C:\Users\Mike\PycharmProjects\readability\texts_acc_to_classes\1\text_fox.txt,0.1056338028169014,0.3503521126760563,0.7623239436619719,0.1795774647887324,0.07042253521126761,0.2482394366197183,0.3908450704225352,0.02464788732394366,0.04225352112676056,0.11795774647887325,0.1866197183098592,0.0897887323943662,0.20422535211267606,0.054577464788732384,0.07394366197183097,0.0017605633802816902,0.9,1.3625,0.2,0.5,0.05,0.2125,0.0625,0.2375,0.1,0.525,0.025,0.007042253521126761,0.15669014084507046,0.04401408450704225,0.12323943661971833,0.017605633802816902,0.03873239436619718,0.0,0.1888111888111888,0.0035211267605633804,0.1310344827586207,0.1,0.2625,0.2625,0.05,0.2875,0.85,0.0880281690140845,0.0897887323943662,0.01232394366197183,0.0,0.0,0.1125,0.025,1
17,C:\Users\Mike\PycharmProjects\readability\texts_acc_to_classes\1\text_ryaba.txt,0.1056338028169014,0.3503521126760563,0.7623239436619719,0.1795774647887324,0.07042253521126761,0.2482394366197183,0.3908450704225352,0.02464788732394366,0.04225352112676056,0.11795774647887325,0.1866197183098592,0.0897887323943662,0.20422535211267606,0.054577464788732384,0.07394366197183097,0.0017605633802816902,0.9,1.3625,0.2,0.5,0.05,0.2125,0.0625,0.2375,0.1,0.525,0.025,0.007042253521126761,0.15669014084507046,0.04401408450704225,0.12323943661971833,0.017605633802816902,0.03873239436619718,0.0,0.1888111888111888,0.0035211267605633804,0.1310344827586207,0.1,0.2625,0.2625,0.05,0.2875,0.85,0.0880281690140845,0.0897887323943662,0.01232394366197183,0.0,0.0,0.1125,0.025,1
18,C:\Users\Mike\PycharmProjects\readability\texts_acc_to_classes\1\tri_medvedya.txt,0.1056338028169014,0.3503521126760563,0.7623239436619719,0.1795774647887324,0.07042253521126761,0.2482394366197183,0.3908450704225352,0.02464788732394366,0.04225352112676056,0.11795774647887325,0.1866197183098592,0.0897887323943662,0.20422535211267606,0.054577464788732384,0.07394366197183097,0.0017605633802816902,0.9,1.3625,0.2,0.5,0.05,0.2125,0.0625,0.2375,0.1,0.525,0.025,0.007042253521126761,0.15669014084507046,0.04401408450704225,0.12323943661971833,0.017605633802816902,0.03873239436619718,0.0,0.1888111888111888,0.0035211267605633804,0.1310344827586207,0.1,0.2625,0.2625,0.05,0.2875,0.85,0.0880281690140845,0.0897887323943662,0.01232394366197183,0.0,0.0,0.1125,0.025,1
19,C:\Users\Mike\PycharmProjects\readability\texts_acc_to_classes\1\volshebnoe_slovo.txt,0.1056338028169014,0.3503521126760563,0.7623239436619719,0.1795774647887324,0.07042253521126761,0.2482394366197183,0.3908450704225352,0.02464788732394366,0.04225352112676056,0.11795774647887325,0.1866197183098592,0.0897887323943662,0.20422535211267606,0.054577464788732384,0.07394366197183097,0.0017605633802816902,0.9,1.3625,0.2,0.5,0.05,0.2125,0.0625,0.2375,0.1,0.525,0.025,0.007042253521126761,0.15669014084507046,0.04401408450704225,0.12323943661971833,0.017605633802816902,0.03873239436619718,0.0,0.1888111888111888,0.0035211267605633804,0.1310344827586207,0.1,0.2625,0.2625,0.05,0.2875,0.85,0.0880281690140845,0.0897887323943662,0.01232394366197183,0.0,0.0,0.1125,0.025,1
20,C:\Users\Mike\PycharmProjects\readability\texts_acc_to_classes\2\andersen_gadkiy_utenok.txt,0.2039911308203991,0.2616407982261641,0.6707317073170732,0.17073170731707318,0.06651884700665188,0.3259423503325942,0.3458980044345898,0.045454545454545456,0.053215077605321515,0.057649667405764965,0.19290465631929046,0.1008869179600887,0.15299334811529933,0.05543237250554324,0.057649667405764965,0.014412416851441241,1.776470588235294,1.8588235294117648,0.32941176470588235,0.5764705882352941,0.011764705882352941,0.25882352941176473,0.047058823529411764,0.12941176470588234,0.24705882352941175,0.7882352941176469,0.10588235294117647,0.012195121951219513,0.11862527716186252,0.03325942350332594,0.11086474501108648,0.01662971175166297,0.024390243902439025,0.0011086474501108647,0.2352941176470588,0.011086474501108648,0.32057416267942584,0.2235294117647059,0.27058823529411763,0.976470588235294,0.27058823529411763,0.25882352941176473,1.2117647058823529,0.057649667405764965,0.09866962305986696,0.00997782705099778,0.0,0.0,0.18823529411764706,0.05882352941176471,2
21,C:\Users\Mike\PycharmProjects\readability\texts_acc_to_classes\2\bolshaya_bereza.txt,0.2039911308203991,0.2616407982261641,0.6707317073170732,0.17073170731707318,0.06651884700665188,0.3259423503325942,0.3458980044345898,0.045454545454545456,0.053215077605321515,0.057649667405764965,0.19290465631929046,0.1008869179600887,0.15299334811529933,0.05543237250554324,0.057649667405764965,0.014412416851441241,1.776470588235294,1.8588235294117648,0.32941176470588235,0.5764705882352941,0.011764705882352941,0.25882352941176473,0.047058823529411764,0.12941176470588234,0.24705882352941175,0.7882352941176469,0.10588235294117647,0.012195121951219513,0.11862527716186252,0.03325942350332594,0.11086474501108648,0.01662971175166297,0.024390243902439025,0.0011086474501108647,0.2352941176470588,0.011086474501108648,0.32057416267942584,0.2235294117647059,0.27058823529411763,0.976470588235294,0.27058823529411763,0.25882352941176473,1.2117647058823529,0.057649667405764965,0.09866962305986696,0.00997782705099778,0.0,0.0,0.18823529411764706,0.05882352941176471,2
22,C:\Users\Mike\PycharmProjects\readability\texts_acc_to_classes\2\charushin_strashniy_rasskaz.txt,0.2039911308203991,0.2616407982261641,0.6707317073170732,0.17073170731707318,0.06651884700665188,0.3259423503325942,0.3458980044345898,0.045454545454545456,0.053215077605321515,0.057649667405764965,0.19290465631929046,0.1008869179600887,0.15299334811529933,0.05543237250554324,0.057649667405764965,0.014412416851441241,1.776470588235294,1.8588235294117648,0.32941176470588235,0.5764705882352941,0.011764705882352941,0.25882352941176473,0.047058823529411764,0.12941176470588234,0.24705882352941175,0.7882352941176469,0.10588235294117647,0.012195121951219513,0.11862527716186252,0.03325942350332594,0.11086474501108648,0.01662971175166297,0.024390243902439025,0.0011086474501108647,0.2352941176470588,0.011086474501108648,0.32057416267942584,0.2235294117647059,0.27058823529411763,0.976470588235294,0.27058823529411763,0.25882352941176473,1.2117647058823529,0.057649667405764965,0.09866962305986696,0.00997782705099778,0.0,0.0,0.18823529411764706,0.05882352941176471,2
23,C:\Users\Mike\PycharmProjects\readability\texts_acc_to_classes\2\dragunskiy_on_zhivoi.txt,0.2039911308203991,0.2616407982261641,0.6707317073170732,0.17073170731707318,0.06651884700665188,0.3259423503325942,0.3458980044345898,0.045454545454545456,0.053215077605321515,0.057649667405764965,0.19290465631929046,0.1008869179600887,0.15299334811529933,0.05543237250554324,0.057649667405764965,0.014412416851441241,1.776470588235294,1.8588235294117648,0.32941176470588235,0.5764705882352941,0.011764705882352941,0.25882352941176473,0.047058823529411764,0.12941176470588234,0.24705882352941175,0.7882352941176469,0.10588235294117647,0.012195121951219513,0.11862527716186252,0.03325942350332594,0.11086474501108648,0.01662971175166297,0.024390243902439025,0.0011086474501108647,0.2352941176470588,0.011086474501108648,0.32057416267942584,0.2235294117647059,0.27058823529411763,0.976470588235294,0.27058823529411763,0.25882352941176473,1.2117647058823529,0.057649667405764965,0.09866962305986696,0.00997782705099778,0.0,0.0,0.18823529411764706,0.05882352941176471,2
24,C:\Users\Mike\PycharmProjects\readability\texts_acc_to_classes\2\dragunskiy_zakoldovannaya_bukva.txt,0.2039911308203991,0.2616407982261641,0.6707317073170732,0.17073170731707318,0.06651884700665188,0.3259423503325942,0.3458980044345898,0.045454545454545456,0.053215077605321515,0.057649667405764965,0.19290465631929046,0.1008869179600887,0.15299334811529933,0.05543237250554324,0.057649667405764965,0.014412416851441241,1.776470588235294,1.8588235294117648,0.32941176470588235,0.5764705882352941,0.011764705882352941,0.25882352941176473,0.047058823529411764,0.12941176470588234,0.24705882352941175,0.7882352941176469,0.10588235294117647,0.012195121951219513,0.11862527716186252,0.03325942350332594,0.11086474501108648,0.01662971175166297,0.024390243902439025,0.0011086474501108647,0.2352941176470588,0.011086474501108648,0.32057416267942584,0.2235294117647059,0.27058823529411763,0.976470588235294,0.27058823529411763,0.25882352941176473,1.2117647058823529,0.057649667405764965,0.09866962305986696,0.00997782705099778,0.0,0.0,0.18823529411764706,0.05882352941176471,2
25,C:\Users\Mike\PycharmProjects\readability\texts_acc_to_classes\2\garshin_lyagushka_puteshestvennitsa.txt,0.2039911308203991,0.2616407982261641,0.6707317073170732,0.17073170731707318,0.06651884700665188,0.3259423503325942,0.3458980044345898,0.045454545454545456,0.053215077605321515,0.057649667405764965,0.19290465631929046,0.1008869179600887,0.15299334811529933,0.05543237250554324,0.057649667405764965,0.014412416851441241,1.776470588235294,1.8588235294117648,0.32941176470588235,0.5764705882352941,0.011764705882352941,0.25882352941176473,0.047058823529411764,0.12941176470588234,0.24705882352941175,0.7882352941176469,0.10588235294117647,0.012195121951219513,0.11862527716186252,0.03325942350332594,0.11086474501108648,0.01662971175166297,0.024390243902439025,0.0011086474501108647,0.2352941176470588,0.011086474501108648,0.32057416267942584,0.2235294117647059,0.27058823529411763,0.976470588235294,0.27058823529411763,0.25882352941176473,1.2117647058823529,0.057649667405764965,0.09866962305986696,0.00997782705099778,0.0,0.0,0.18823529411764706,0.05882352941176471,2
26,C:\Users\Mike\PycharmProjects\readability\texts_acc_to_classes\2\kataev_tsvetik_semitsvetik.txt,0.2039911308203991,0.2616407982261641,0.6707317073170732,0.17073170731707318,0.06651884700665188,0.3259423503325942,0.3458980044345898,0.045454545454545456,0.053215077605321515,0.057649667405764965,0.19290465631929046,0.1008869179600887,0.15299334811529933,0.05543237250554324,0.057649667405764965,0.014412416851441241,1.776470588235294,1.8588235294117648,0.32941176470588235,0.5764705882352941,0.011764705882352941,0.25882352941176473,0.047058823529411764,0.12941176470588234,0.24705882352941175,0.7882352941176469,0.10588235294117647,0.012195121951219513,0.11862527716186252,0.03325942350332594,0.11086474501108648,0.01662971175166297,0.024390243902439025,0.0011086474501108647,0.2352941176470588,0.011086474501108648,0.32057416267942584,0.2235294117647059,0.27058823529411763,0.976470588235294,0.27058823529411763,0.25882352941176473,1.2117647058823529,0.057649667405764965,0.09866962305986696,0.00997782705099778,0.0,0.0,0.18823529411764706,0.05882352941176471,2
27,C:\Users\Mike\PycharmProjects\readability\texts_acc_to_classes\2\nosov_fantazery.txt,0.2039911308203991,0.2616407982261641,0.6707317073170732,0.17073170731707318,0.06651884700665188,0.3259423503325942,0.3458980044345898,0.045454545454545456,0.053215077605321515,0.057649667405764965,0.19290465631929046,0.1008869179600887,0.15299334811529933,0.05543237250554324,0.057649667405764965,0.014412416851441241,1.776470588235294,1.8588235294117648,0.32941176470588235,0.5764705882352941,0.011764705882352941,0.25882352941176473,0.047058823529411764,0.12941176470588234,0.24705882352941175,0.7882352941176469,0.10588235294117647,0.012195121951219513,0.11862527716186252,0.03325942350332594,0.11086474501108648,0.01662971175166297,0.024390243902439025,0.0011086474501108647,0.2352941176470588,0.011086474501108648,0.32057416267942584,0.2235294117647059,0.27058823529411763,0.976470588235294,0.27058823529411763,0.25882352941176473,1.2117647058823529,0.057649667405764965,0.09866962305986696,0.00997782705099778,0.0,0.0,0.18823529411764706,0.05882352941176471,2
28,C:\Users\Mike\PycharmProjects\readability\texts_acc_to_classes\2\odoevskiy_gorodok_v_tabakerke.txt,0.2039911308203991,0.2616407982261641,0.6707317073170732,0.17073170731707318,0.06651884700665188,0.3259423503325942,0.3458980044345898,0.045454545454545456,0.053215077605321515,0.057649667405764965,0.19290465631929046,0.1008869179600887,0.15299334811529933,0.05543237250554324,0.057649667405764965,0.014412416851441241,1.776470588235294,1.8588235294117648,0.32941176470588235,0.5764705882352941,0.011764705882352941,0.25882352941176473,0.047058823529411764,0.12941176470588234,0.24705882352941175,0.7882352941176469,0.10588235294117647,0.012195121951219513,0.11862527716186252,0.03325942350332594,0.11086474501108648,0.01662971175166297,0.024390243902439025,0.0011086474501108647,0.2352941176470588,0.011086474501108648,0.32057416267942584,0.2235294117647059,0.27058823529411763,0.976470588235294,0.27058823529411763,0.25882352941176473,1.2117647058823529,0.057649667405764965,0.09866962305986696,0.00997782705099778,0.0,0.0,0.18823529411764706,0.05882352941176471,2
29,C:\Users\Mike\PycharmProjects\readability\texts_acc_to_classes\2\odoevskiy_moroz_ivanovich.txt,0.2039911308203991,0.2616407982261641,0.6707317073170732,0.17073170731707318,0.06651884700665188,0.3259423503325942,0.3458980044345898,0.045454545454545456,0.053215077605321515,0.057649667405764965,0.19290465631929046,0.1008869179600887,0.15299334811529933,0.05543237250554324,0.057649667405764965,0.014412416851441241,1.776470588235294,1.8588235294117648,0.32941176470588235,0.5764705882352941,0.011764705882352941,0.25882352941176473,0.047058823529411764,0.12941176470588234,0.24705882352941175,0.7882352941176469,0.10588235294117647,0.012195121951219513,0.11862527716186252,0.03325942350332594,0.11086474501108648,0.01662971175166297,0.024390243902439025,0.0011086474501108647,0.2352941176470588,0.011086474501108648,0.32057416267942584,0.2235294117647059,0.27058823529411763,0.976470588235294,0.27058823529411763,0.25882352941176473,1.2117647058823529,0.057649667405764965,0.09866962305986696,0.00997782705099778,0.0,0.0,0.18823529411764706,0.05882352941176471,2
30,C:\Users\Mike\PycharmProjects\readability\texts_acc_to_classes\2\paustovskiy_zayachji_lapy.txt,0.2039911308203991,0.2616407982261641,0.6707317073170732,0.17073170731707318,0.06651884700665188,0.3259423503325942,0.3458980044345898,0.045454545454545456,0.053215077605321515,0.057649667405764965,0.19290465631929046,0.1008869179600887,0.15299334811529933,0.05543237250554324,0.057649667405764965,0.014412416851441241,1.776470588235294,1.8588235294117648,0.32941176470588235,0.5764705882352941,0.011764705882352941,0.25882352941176473,0.047058823529411764,0.12941176470588234,0.24705882352941175,0.7882352941176469,0.10588235294117647,0.012195121951219513,0.11862527716186252,0.03325942350332594,0.11086474501108648,0.01662971175166297,0.024390243902439025,0.0011086474501108647,0.2352941176470588,0.011086474501108648,0.32057416267942584,0.2235294117647059,0.27058823529411763,0.976470588235294,0.27058823529411763,0.25882352941176473,1.2117647058823529,0.057649667405764965,0.09866962305986696,0.00997782705099778,0.0,0.0,0.18823529411764706,0.05882352941176471,2
31,C:\Users\Mike\PycharmProjects\readability\texts_acc_to_classes\2\permyak_bumazhnyi_zmei.txt,0.2039911308203991,0.2616407982261641,0.6707317073170732,0.17073170731707318,0.06651884700665188,0.3259423503325942,0.3458980044345898,0.045454545454545456,0.053215077605321515,0.057649667405764965,0.19290465631929046,0.1008869179600887,0.15299334811529933,0.05543237250554324,0.057649667405764965,0.014412416851441241,1.776470588235294,1.8588235294117648,0.32941176470588235,0.5764705882352941,0.011764705882352941,0.25882352941176473,0.047058823529411764,0.12941176470588234,0.24705882352941175,0.7882352941176469,0.10588235294117647,0.012195121951219513,0.11862527716186252,0.03325942350332594,0.11086474501108648,0.01662971175166297,0.024390243902439025,0.0011086474501108647,0.2352941176470588,0.011086474501108648,0.32057416267942584,0.2235294117647059,0.27058823529411763,0.976470588235294,0.27058823529411763,0.25882352941176473,1.2117647058823529,0.057649667405764965,0.09866962305986696,0.00997782705099778,0.0,0.0,0.18823529411764706,0.05882352941176471,2
32,C:\Users\Mike\PycharmProjects\readability\texts_acc_to_classes\2\prishvin_kuritsa_na_stolbah.txt,0.2039911308203991,0.2616407982261641,0.6707317073170732,0.17073170731707318,0.06651884700665188,0.3259423503325942,0.3458980044345898,0.045454545454545456,0.053215077605321515,0.057649667405764965,0.19290465631929046,0.1008869179600887,0.15299334811529933,0.05543237250554324,0.057649667405764965,0.014412416851441241,1.776470588235294,1.8588235294117648,0.32941176470588235,0.5764705882352941,0.011764705882352941,0.25882352941176473,0.047058823529411764,0.12941176470588234,0.24705882352941175,0.7882352941176469,0.10588235294117647,0.012195121951219513,0.11862527716186252,0.03325942350332594,0.11086474501108648,0.01662971175166297,0.024390243902439025,0.0011086474501108647,0.2352941176470588,0.011086474501108648,0.32057416267942584,0.2235294117647059,0.27058823529411763,0.976470588235294,0.27058823529411763,0.25882352941176473,1.2117647058823529,0.057649667405764965,0.09866962305986696,0.00997782705099778,0.0,0.0,0.18823529411764706,0.05882352941176471,2
33,C:\Users\Mike\PycharmProjects\readability\texts_acc_to_classes\2\raznotsvetnye_zveryata.txt,0.2039911308203991,0.2616407982261641,0.6707317073170732,0.17073170731707318,0.06651884700665188,0.3259423503325942,0.3458980044345898,0.045454545454545456,0.053215077605321515,0.057649667405764965,0.19290465631929046,0.1008869179600887,0.15299334811529933,0.05543237250554324,0.057649667405764965,0.014412416851441241,1.776470588235294,1.8588235294117648,0.32941176470588235,0.5764705882352941,0.011764705882352941,0.25882352941176473,0.047058823529411764,0.12941176470588234,0.24705882352941175,0.7882352941176469,0.10588235294117647,0.012195121951219513,0.11862527716186252,0.03325942350332594,0.11086474501108648,0.01662971175166297,0.024390243902439025,0.0011086474501108647,0.2352941176470588,0.011086474501108648,0.32057416267942584,0.2235294117647059,0.27058823529411763,0.976470588235294,0.27058823529411763,0.25882352941176473,1.2117647058823529,0.057649667405764965,0.09866962305986696,0.00997782705099778,0.0,0.0,0.18823529411764706,0.05882352941176471,2
34,C:\Users\Mike\PycharmProjects\readability\texts_acc_to_classes\2\skrebitskiy_kot_ivanych.txt,0.2039911308203991,0.2616407982261641,0.6707317073170732,0.17073170731707318,0.06651884700665188,0.3259423503325942,0.3458980044345898,0.045454545454545456,0.053215077605321515,0.057649667405764965,0.19290465631929046,0.1008869179600887,0.15299334811529933,0.05543237250554324,0.057649667405764965,0.014412416851441241,1.776470588235294,1.8588235294117648,0.32941176470588235,0.5764705882352941,0.011764705882352941,0.25882352941176473,0.047058823529411764,0.12941176470588234,0.24705882352941175,0.7882352941176469,0.10588235294117647,0.012195121951219513,0.11862527716186252,0.03325942350332594,0.11086474501108648,0.01662971175166297,0.024390243902439025,0.0011086474501108647,0.2352941176470588,0.011086474501108648,0.32057416267942584,0.2235294117647059,0.27058823529411763,0.976470588235294,0.27058823529411763,0.25882352941176473,1.2117647058823529,0.057649667405764965,0.09866962305986696,0.00997782705099778,0.0,0.0,0.18823529411764706,0.05882352941176471,2
35,C:\Users\Mike\PycharmProjects\readability\texts_acc_to_classes\2\synoviya.txt,0.2039911308203991,0.2616407982261641,0.6707317073170732,0.17073170731707318,0.06651884700665188,0.3259423503325942,0.3458980044345898,0.045454545454545456,0.053215077605321515,0.057649667405764965,0.19290465631929046,0.1008869179600887,0.15299334811529933,0.05543237250554324,0.057649667405764965,0.014412416851441241,1.776470588235294,1.8588235294117648,0.32941176470588235,0.5764705882352941,0.011764705882352941,0.25882352941176473,0.047058823529411764,0.12941176470588234,0.24705882352941175,0.7882352941176469,0.10588235294117647,0.012195121951219513,0.11862527716186252,0.03325942350332594,0.11086474501108648,0.01662971175166297,0.024390243902439025,0.0011086474501108647,0.2352941176470588,0.011086474501108648,0.32057416267942584,0.2235294117647059,0.27058823529411763,0.976470588235294,0.27058823529411763,0.25882352941176473,1.2117647058823529,0.057649667405764965,0.09866962305986696,0.00997782705099778,0.0,0.0,0.18823529411764706,0.05882352941176471,2
36,C:\Users\Mike\PycharmProjects\readability\texts_acc_to_classes\2\trusiha.txt,0.2039911308203991,0.2616407982261641,0.6707317073170732,0.17073170731707318,0.06651884700665188,0.3259423503325942,0.3458980044345898,0.045454545454545456,0.053215077605321515,0.057649667405764965,0.19290465631929046,0.1008869179600887,0.15299334811529933,0.05543237250554324,0.057649667405764965,0.014412416851441241,1.776470588235294,1.8588235294117648,0.32941176470588235,0.5764705882352941,0.011764705882352941,0.25882352941176473,0.047058823529411764,0.12941176470588234,0.24705882352941175,0.7882352941176469,0.10588235294117647,0.012195121951219513,0.11862527716186252,0.03325942350332594,0.11086474501108648,0.01662971175166297,0.024390243902439025,0.0011086474501108647,0.2352941176470588,0.011086474501108648,0.32057416267942584,0.2235294117647059,0.27058823529411763,0.976470588235294,0.27058823529411763,0.25882352941176473,1.2117647058823529,0.057649667405764965,0.09866962305986696,0.00997782705099778,0.0,0.0,0.18823529411764706,0.05882352941176471,2
37,C:\Users\Mike\PycharmProjects\readability\texts_acc_to_classes\2\ushinskiy_dva_pluga.txt,0.2039911308203991,0.2616407982261641,0.6707317073170732,0.17073170731707318,0.06651884700665188,0.3259423503325942,0.3458980044345898,0.045454545454545456,0.053215077605321515,0.057649667405764965,0.19290465631929046,0.1008869179600887,0.15299334811529933,0.05543237250554324,0.057649667405764965,0.014412416851441241,1.776470588235294,1.8588235294117648,0.32941176470588235,0.5764705882352941,0.011764705882352941,0.25882352941176473,0.047058823529411764,0.12941176470588234,0.24705882352941175,0.7882352941176469,0.10588235294117647,0.012195121951219513,0.11862527716186252,0.03325942350332594,0.11086474501108648,0.01662971175166297,0.024390243902439025,0.0011086474501108647,0.2352941176470588,0.011086474501108648,0.32057416267942584,0.2235294117647059,0.27058823529411763,0.976470588235294,0.27058823529411763,0.25882352941176473,1.2117647058823529,0.057649667405764965,0.09866962305986696,0.00997782705099778,0.0,0.0,0.18823529411764706,0.05882352941176471,2
38,C:\Users\Mike\PycharmProjects\readability\texts_acc_to_classes\2\zabotlivaya_mamasha.txt,0.2039911308203991,0.2616407982261641,0.6707317073170732,0.17073170731707318,0.06651884700665188,0.3259423503325942,0.3458980044345898,0.045454545454545456,0.053215077605321515,0.057649667405764965,0.19290465631929046,0.1008869179600887,0.15299334811529933,0.05543237250554324,0.057649667405764965,0.014412416851441241,1.776470588235294,1.8588235294117648,0.32941176470588235,0.5764705882352941,0.011764705882352941,0.25882352941176473,0.047058823529411764,0.12941176470588234,0.24705882352941175,0.7882352941176469,0.10588235294117647,0.012195121951219513,0.11862527716186252,0.03325942350332594,0.11086474501108648,0.01662971175166297,0.024390243902439025,0.0011086474501108647,0.2352941176470588,0.011086474501108648,0.32057416267942584,0.2235294117647059,0.27058823529411763,0.976470588235294,0.27058823529411763,0.25882352941176473,1.2117647058823529,0.057649667405764965,0.09866962305986696,0.00997782705099778,0.0,0.0,0.18823529411764706,0.05882352941176471,2
39,C:\Users\Mike\PycharmProjects\readability\texts_acc_to_classes\2\zoschenko_yolka.txt,0.2039911308203991,0.2616407982261641,0.6707317073170732,0.17073170731707318,0.06651884700665188,0.3259423503325942,0.3458980044345898,0.045454545454545456,0.053215077605321515,0.057649667405764965,0.19290465631929046,0.1008869179600887,0.15299334811529933,0.05543237250554324,0.057649667405764965,0.014412416851441241,1.776470588235294,1.8588235294117648,0.32941176470588235,0.5764705882352941,0.011764705882352941,0.25882352941176473,0.047058823529411764,0.12941176470588234,0.24705882352941175,0.7882352941176469,0.10588235294117647,0.012195121951219513,0.11862527716186252,0.03325942350332594,0.11086474501108648,0.01662971175166297,0.024390243902439025,0.0011086474501108647,0.2352941176470588,0.011086474501108648,0.32057416267942584,0.2235294117647059,0.27058823529411763,0.976470588235294,0.27058823529411763,0.25882352941176473,1.2117647058823529,0.057649667405764965,0.09866962305986696,0.00997782705099778,0.0,0.0,0.18823529411764706,0.05882352941176471,2
40,C:\Users\Mike\PycharmProjects\readability\texts_acc_to_classes\3\11549_II.txt,0.11650485436893206,0.4142394822006473,0.7281553398058253,0.12297734627831715,0.042071197411003236,0.2815533980582524,0.3624595469255664,0.06796116504854369,0.08090614886731391,0.10679611650485436,0.1941747572815534,0.0744336569579288,0.16828478964401294,0.029126213592233014,0.05501618122977346,0.05501618122977346,0.7666666666666667,2.2333333333333334,0.36666666666666653,0.6333333333333333,0.06666666666666668,0.2,0.03333333333333333,0.16666666666666666,0.3333333333333333,0.5,0.0,0.019417475728155338,0.10355987055016183,0.016181229773462782,0.07119741100323625,0.022653721682847898,0.035598705501618116,0.0,0.30985915492957744,0.016181229773462782,0.10588235294117647,0.2333333333333333,0.16666666666666666,0.3333333333333333,0.36666666666666653,0.5666666666666667,0.7,0.0453074433656958,0.05501618122977346,0.012944983818770229,0.0,0.0,0.2,0.03333333333333333,3
41,C:\Users\Mike\PycharmProjects\readability\texts_acc_to_classes\3\11549_III.txt,0.11650485436893206,0.4142394822006473,0.7281553398058253,0.12297734627831715,0.042071197411003236,0.2815533980582524,0.3624595469255664,0.06796116504854369,0.08090614886731391,0.10679611650485436,0.1941747572815534,0.0744336569579288,0.16828478964401294,0.029126213592233014,0.05501618122977346,0.05501618122977346,0.7666666666666667,2.2333333333333334,0.36666666666666653,0.6333333333333333,0.06666666666666668,0.2,0.03333333333333333,0.16666666666666666,0.3333333333333333,0.5,0.0,0.019417475728155338,0.10355987055016183,0.016181229773462782,0.07119741100323625,0.022653721682847898,0.035598705501618116,0.0,0.30985915492957744,0.016181229773462782,0.10588235294117647,0.2333333333333333,0.16666666666666666,0.3333333333333333,0.36666666666666653,0.5666666666666667,0.7,0.0453074433656958,0.05501618122977346,0.012944983818770229,0.0,0.0,0.2,0.03333333333333333,3
42,C:\Users\Mike\PycharmProjects\readability\texts_acc_to_classes\3\11549_IV.txt,0.11650485436893206,0.4142394822006473,0.7281553398058253,0.12297734627831715,0.042071197411003236,0.2815533980582524,0.3624595469255664,0.06796116504854369,0.08090614886731391,0.10679611650485436,0.1941747572815534,0.0744336569579288,0.16828478964401294,0.029126213592233014,0.05501618122977346,0.05501618122977346,0.7666666666666667,2.2333333333333334,0.36666666666666653,0.6333333333333333,0.06666666666666668,0.2,0.03333333333333333,0.16666666666666666,0.3333333333333333,0.5,0.0,0.019417475728155338,0.10355987055016183,0.016181229773462782,0.07119741100323625,0.022653721682847898,0.035598705501618116,0.0,0.30985915492957744,0.016181229773462782,0.10588235294117647,0.2333333333333333,0.16666666666666666,0.3333333333333333,0.36666666666666653,0.5666666666666667,0.7,0.0453074433656958,0.05501618122977346,0.012944983818770229,0.0,0.0,0.2,0.03333333333333333,3
43,C:\Users\Mike\PycharmProjects\readability\texts_acc_to_classes\3\bulychev_puteshestvie_alisy_1.txt,0.11650485436893206,0.4142394822006473,0.7281553398058253,0.12297734627831715,0.042071197411003236,0.2815533980582524,0.3624595469255664,0.06796116504854369,0.08090614886731391,0.10679611650485436,0.1941747572815534,0.0744336569579288,0.16828478964401294,0.029126213592233014,0.05501618122977346,0.05501618122977346,0.7666666666666667,2.2333333333333334,0.36666666666666653,0.6333333333333333,0.06666666666666668,0.2,0.03333333333333333,0.16666666666666666,0.3333333333333333,0.5,0.0,0.019417475728155338,0.10355987055016183,0.016181229773462782,0.07119741100323625,0.022653721682847898,0.035598705501618116,0.0,0.30985915492957744,0.016181229773462782,0.10588235294117647,0.2333333333333333,0.16666666666666666,0.3333333333333333,0.36666666666666653,0.5666666666666667,0.7,0.0453074433656958,0.05501618122977346,0.012944983818770229,0.0,0.0,0.2,0.03333333333333333,3
44,C:\Users\Mike\PycharmProjects\readability\texts_acc_to_classes\3\bulychev_puteshestvie_alisy_2.txt,0.11650485436893206,0.4142394822006473,0.7281553398058253,0.12297734627831715,0.042071197411003236,0.2815533980582524,0.3624595469255664,0.06796116504854369,0.08090614886731391,0.10679611650485436,0.1941747572815534,0.0744336569579288,0.16828478964401294,0.029126213592233014,0.05501618122977346,0.05501618122977346,0.7666666666666667,2.2333333333333334,0.36666666666666653,0.6333333333333333,0.06666666666666668,0.2,0.03333333333333333,0.16666666666666666,0.3333333333333333,0.5,0.0,0.019417475728155338,0.10355987055016183,0.016181229773462782,0.07119741100323625,0.022653721682847898,0.035598705501618116,0.0,0.30985915492957744,0.016181229773462782,0.10588235294117647,0.2333333333333333,0.16666666666666666,0.3333333333333333,0.36666666666666653,0.5666666666666667,0.7,0.0453074433656958,0.05501618122977346,0.012944983818770229,0.0,0.0,0.2,0.03333333333333333,3
45,C:\Users\Mike\PycharmProjects\readability\texts_acc_to_classes\3\chehov_beglets.txt,0.11650485436893206,0.4142394822006473,0.7281553398058253,0.12297734627831715,0.042071197411003236,0.2815533980582524,0.3624595469255664,0.06796116504854369,0.08090614886731391,0.10679611650485436,0.1941747572815534,0.0744336569579288,0.16828478964401294,0.029126213592233014,0.05501618122977346,0.05501618122977346,0.7666666666666667,2.2333333333333334,0.36666666666666653,0.6333333333333333,0.06666666666666668,0.2,0.03333333333333333,0.16666666666666666,0.3333333333333333,0.5,0.0,0.019417475728155338,0.10355987055016183,0.016181229773462782,0.07119741100323625,0.022653721682847898,0.035598705501618116,0.0,0.30985915492957744,0.016181229773462782,0.10588235294117647,0.2333333333333333,0.16666666666666666,0.3333333333333333,0.36666666666666653,0.5666666666666667,0.7,0.0453074433656958,0.05501618122977346,0.012944983818770229,0.0,0.0,0.2,0.03333333333333333,3
46,C:\Users\Mike\PycharmProjects\readability\texts_acc_to_classes\3\chehov_belolobyi.txt,0.11650485436893206,0.4142394822006473,0.7281553398058253,0.12297734627831715,0.042071197411003236,0.2815533980582524,0.3624595469255664,0.06796116504854369,0.08090614886731391,0.10679611650485436,0.1941747572815534,0.0744336569579288,0.16828478964401294,0.029126213592233014,0.05501618122977346,0.05501618122977346,0.7666666666666667,2.2333333333333334,0.36666666666666653,0.6333333333333333,0.06666666666666668,0.2,0.03333333333333333,0.16666666666666666,0.3333333333333333,0.5,0.0,0.019417475728155338,0.10355987055016183,0.016181229773462782,0.07119741100323625,0.022653721682847898,0.035598705501618116,0.0,0.30985915492957744,0.016181229773462782,0.10588235294117647,0.2333333333333333,0.16666666666666666,0.3333333333333333,0.36666666666666653,0.5666666666666667,0.7,0.0453074433656958,0.05501618122977346,0.012944983818770229,0.0,0.0,0.2,0.03333333333333333,3
47,C:\Users\Mike\PycharmProjects\readability\texts_acc_to_classes\3\dostoevskiy_anekdot_iz_detskoy_zhizny.txt,0.11650485436893206,0.4142394822006473,0.7281553398058253,0.12297734627831715,0.042071197411003236,0.2815533980582524,0.3624595469255664,0.06796116504854369,0.08090614886731391,0.10679611650485436,0.1941747572815534,0.0744336569579288,0.16828478964401294,0.029126213592233014,0.05501618122977346,0.05501618122977346,0.7666666666666667,2.2333333333333334,0.36666666666666653,0.6333333333333333,0.06666666666666668,0.2,0.03333333333333333,0.16666666666666666,0.3333333333333333,0.5,0.0,0.019417475728155338,0.10355987055016183,0.016181229773462782,0.07119741100323625,0.022653721682847898,0.035598705501618116,0.0,0.30985915492957744,0.016181229773462782,0.10588235294117647,0.2333333333333333,0.16666666666666666,0.3333333333333333,0.36666666666666653,0.5666666666666667,0.7,0.0453074433656958,0.05501618122977346,0.012944983818770229,0.0,0.0,0.2,0.03333333333333333,3
48,C:\Users\Mike\PycharmProjects\readability\texts_acc_to_classes\3\dragunskiy_devochka_na_share.txt,0.11650485436893206,0.4142394822006473,0.7281553398058253,0.12297734627831715,0.042071197411003236,0.2815533980582524,0.3624595469255664,0.06796116504854369,0.08090614886731391,0.10679611650485436,0.1941747572815534,0.0744336569579288,0.16828478964401294,0.029126213592233014,0.05501618122977346,0.05501618122977346,0.7666666666666667,2.2333333333333334,0.36666666666666653,0.6333333333333333,0.06666666666666668,0.2,0.03333333333333333,0.16666666666666666,0.3333333333333333,0.5,0.0,0.019417475728155338,0.10355987055016183,0.016181229773462782,0.07119741100323625,0.022653721682847898,0.035598705501618116,0.0,0.30985915492957744,0.016181229773462782,0.10588235294117647,0.2333333333333333,0.16666666666666666,0.3333333333333333,0.36666666666666653,0.5666666666666667,0.7,0.0453074433656958,0.05501618122977346,0.012944983818770229,0.0,0.0,0.2,0.03333333333333333,3
49,C:\Users\Mike\PycharmProjects\readability\texts_acc_to_classes\3\durov_nasha_zhuchka.txt,0.11650485436893206,0.4142394822006473,0.7281553398058253,0.12297734627831715,0.042071197411003236,0.2815533980582524,0.3624595469255664,0.06796116504854369,0.08090614886731391,0.10679611650485436,0.1941747572815534,0.0744336569579288,0.16828478964401294,0.029126213592233014,0.05501618122977346,0.05501618122977346,0.7666666666666667,2.2333333333333334,0.36666666666666653,0.6333333333333333,0.06666666666666668,0.2,0.03333333333333333,0.16666666666666666,0.3333333333333333,0.5,0.0,0.019417475728155338,0.10355987055016183,0.016181229773462782,0.07119741100323625,0.022653721682847898,0.035598705501618116,0.0,0.30985915492957744,0.016181229773462782,0.10588235294117647,0.2333333333333333,0.16666666666666666,0.3333333333333333,0.36666666666666653,0.5666666666666667,0.7,0.0453074433656958,0.05501618122977346,0.012944983818770229,0.0,0.0,0.2,0.03333333333333333,3
50,C:\Users\Mike\PycharmProjects\readability\texts_acc_to_classes\3\gorkiy_v_lyudyah_1.txt,0.11650485436893206,0.4142394822006473,0.7281553398058253,0.12297734627831715,0.042071197411003236,0.2815533980582524,0.3624595469255664,0.06796116504854369,0.08090614886731391,0.10679611650485436,0.1941747572815534,0.0744336569579288,0.16828478964401294,0.029126213592233014,0.05501618122977346,0.05501618122977346,0.7666666666666667,2.2333333333333334,0.36666666666666653,0.6333333333333333,0.06666666666666668,0.2,0.03333333333333333,0.16666666666666666,0.3333333333333333,0.5,0.0,0.019417475728155338,0.10355987055016183,0.016181229773462782,0.07119741100323625,0.022653721682847898,0.035598705501618116,0.0,0.30985915492957744,0.016181229773462782,0.10588235294117647,0.2333333333333333,0.16666666666666666,0.3333333333333333,0.36666666666666653,0.5666666666666667,0.7,0.0453074433656958,0.05501618122977346,0.012944983818770229,0.0,0.0,0.2,0.03333333333333333,3
51,C:\Users\Mike\PycharmProjects\readability\texts_acc_to_classes\3\kozlov_ezhik_v_tumane.txt,0.11650485436893206,0.4142394822006473,0.7281553398058253,0.12297734627831715,0.042071197411003236,0.2815533980582524,0.3624595469255664,0.06796116504854369,0.08090614886731391,0.10679611650485436,0.1941747572815534,0.0744336569579288,0.16828478964401294,0.029126213592233014,0.05501618122977346,0.05501618122977346,0.7666666666666667,2.2333333333333334,0.36666666666666653,0.6333333333333333,0.06666666666666668,0.2,0.03333333333333333,0.16666666666666666,0.3333333333333333,0.5,0.0,0.019417475728155338,0.10355987055016183,0.016181229773462782,0.07119741100323625,0.022653721682847898,0.035598705501618116,0.0,0.30985915492957744,0.016181229773462782,0.10588235294117647,0.2333333333333333,0.16666666666666666,0.3333333333333333,0.36666666666666653,0.5666666666666667,0.7,0.0453074433656958,0.05501618122977346,0.012944983818770229,0.0,0.0,0.2,0.03333333333333333,3
52,C:\Users\Mike\PycharmProjects\readability\texts_acc_to_classes\3\kuprin_slon.txt,0.11650485436893206,0.4142394822006473,0.7281553398058253,0.12297734627831715,0.042071197411003236,0.2815533980582524,0.3624595469255664,0.06796116504854369,0.08090614886731391,0.10679611650485436,0.1941747572815534,0.0744336569579288,0.16828478964401294,0.029126213592233014,0.05501618122977346,0.05501618122977346,0.7666666666666667,2.2333333333333334,0.36666666666666653,0.6333333333333333,0.06666666666666668,0.2,0.03333333333333333,0.16666666666666666,0.3333333333333333,0.5,0.0,0.019417475728155338,0.10355987055016183,0.016181229773462782,0.07119741100323625,0.022653721682847898,0.035598705501618116,0.0,0.30985915492957744,0.016181229773462782,0.10588235294117647,0.2333333333333333,0.16666666666666666,0.3333333333333333,0.36666666666666653,0.5666666666666667,0.7,0.0453074433656958,0.05501618122977346,0.012944983818770229,0.0,0.0,0.2,0.03333333333333333,3
53,C:\Users\Mike\PycharmProjects\readability\texts_acc_to_classes\3\paustovskiy_rastrepannyi_vorobei.txt,0.11650485436893206,0.4142394822006473,0.7281553398058253,0.12297734627831715,0.042071197411003236,0.2815533980582524,0.3624595469255664,0.06796116504854369,0.08090614886731391,0.10679611650485436,0.1941747572815534,0.0744336569579288,0.16828478964401294,0.029126213592233014,0.05501618122977346,0.05501618122977346,0.7666666666666667,2.2333333333333334,0.36666666666666653,0.6333333333333333,0.06666666666666668,0.2,0.03333333333333333,0.16666666666666666,0.3333333333333333,0.5,0.0,0.019417475728155338,0.10355987055016183,0.016181229773462782,0.07119741100323625,0.022653721682847898,0.035598705501618116,0.0,0.30985915492957744,0.016181229773462782,0.10588235294117647,0.2333333333333333,0.16666666666666666,0.3333333333333333,0.36666666666666653,0.5666666666666667,0.7,0.0453074433656958,0.05501618122977346,0.012944983818770229,0.0,0.0,0.2,0.03333333333333333,3
54,C:\Users\Mike\PycharmProjects\readability\texts_acc_to_classes\3\skazka_o_poteryannom_vremeni.txt,0.11650485436893206,0.4142394822006473,0.7281553398058253,0.12297734627831715,0.042071197411003236,0.2815533980582524,0.3624595469255664,0.06796116504854369,0.08090614886731391,0.10679611650485436,0.1941747572815534,0.0744336569579288,0.16828478964401294,0.029126213592233014,0.05501618122977346,0.05501618122977346,0.7666666666666667,2.2333333333333334,0.36666666666666653,0.6333333333333333,0.06666666666666668,0.2,0.03333333333333333,0.16666666666666666,0.3333333333333333,0.5,0.0,0.019417475728155338,0.10355987055016183,0.016181229773462782,0.07119741100323625,0.022653721682847898,0.035598705501618116,0.0,0.30985915492957744,0.016181229773462782,0.10588235294117647,0.2333333333333333,0.16666666666666666,0.3333333333333333,0.36666666666666653,0.5666666666666667,0.7,0.0453074433656958,0.05501618122977346,0.012944983818770229,0.0,0.0,0.2,0.03333333333333333,3
55,C:\Users\Mike\PycharmProjects\readability\texts_acc_to_classes\3\tolstoy_akula.txt,0.11650485436893206,0.4142394822006473,0.7281553398058253,0.12297734627831715,0.042071197411003236,0.2815533980582524,0.3624595469255664,0.06796116504854369,0.08090614886731391,0.10679611650485436,0.1941747572815534,0.0744336569579288,0.16828478964401294,0.029126213592233014,0.05501618122977346,0.05501618122977346,0.7666666666666667,2.2333333333333334,0.36666666666666653,0.6333333333333333,0.06666666666666668,0.2,0.03333333333333333,0.16666666666666666,0.3333333333333333,0.5,0.0,0.019417475728155338,0.10355987055016183,0.016181229773462782,0.07119741100323625,0.022653721682847898,0.035598705501618116,0.0,0.30985915492957744,0.016181229773462782,0.10588235294117647,0.2333333333333333,0.16666666666666666,0.3333333333333333,0.36666666666666653,0.5666666666666667,0.7,0.0453074433656958,0.05501618122977346,0.012944983818770229,0.0,0.0,0.2,0.03333333333333333,3
56,C:\Users\Mike\PycharmProjects\readability\texts_acc_to_classes\3\tolstoy_lev_i_sobachka.txt,0.11650485436893206,0.4142394822006473,0.7281553398058253,0.12297734627831715,0.042071197411003236,0.2815533980582524,0.3624595469255664,0.06796116504854369,0.08090614886731391,0.10679611650485436,0.1941747572815534,0.0744336569579288,0.16828478964401294,0.029126213592233014,0.05501618122977346,0.05501618122977346,0.7666666666666667,2.2333333333333334,0.36666666666666653,0.6333333333333333,0.06666666666666668,0.2,0.03333333333333333,0.16666666666666666,0.3333333333333333,0.5,0.0,0.019417475728155338,0.10355987055016183,0.016181229773462782,0.07119741100323625,0.022653721682847898,0.035598705501618116,0.0,0.30985915492957744,0.016181229773462782,0.10588235294117647,0.2333333333333333,0.16666666666666666,0.3333333333333333,0.36666666666666653,0.5666666666666667,0.7,0.0453074433656958,0.05501618122977346,0.012944983818770229,0.0,0.0,0.2,0.03333333333333333,3
57,C:\Users\Mike\PycharmProjects\readability\texts_acc_to_classes\3\zahoder_seraya_zvezdochka.txt,0.11650485436893206,0.4142394822006473,0.7281553398058253,0.12297734627831715,0.042071197411003236,0.2815533980582524,0.3624595469255664,0.06796116504854369,0.08090614886731391,0.10679611650485436,0.1941747572815534,0.0744336569579288,0.16828478964401294,0.029126213592233014,0.05501618122977346,0.05501618122977346,0.7666666666666667,2.2333333333333334,0.36666666666666653,0.6333333333333333,0.06666666666666668,0.2,0.03333333333333333,0.16666666666666666,0.3333333333333333,0.5,0.0,0.019417475728155338,0.10355987055016183,0.016181229773462782,0.07119741100323625,0.022653721682847898,0.035598705501618116,0.0,0.30985915492957744,0.016181229773462782,0.10588235294117647,0.2333333333333333,0.16666666666666666,0.3333333333333333,0.36666666666666653,0.5666666666666667,0.7,0.0453074433656958,0.05501618122977346,0.012944983818770229,0.0,0.0,0.2,0.03333333333333333,3
58,C:\Users\Mike\PycharmProjects\readability\texts_acc_to_classes\3\zhitkov_kak_ya_lovil_chelovechkov.txt,0.11650485436893206,0.4142394822006473,0.7281553398058253,0.12297734627831715,0.042071197411003236,0.2815533980582524,0.3624595469255664,0.06796116504854369,0.08090614886731391,0.10679611650485436,0.1941747572815534,0.0744336569579288,0.16828478964401294,0.029126213592233014,0.05501618122977346,0.05501618122977346,0.7666666666666667,2.2333333333333334,0.36666666666666653,0.6333333333333333,0.06666666666666668,0.2,0.03333333333333333,0.16666666666666666,0.3333333333333333,0.5,0.0,0.019417475728155338,0.10355987055016183,0.016181229773462782,0.07119741100323625,0.022653721682847898,0.035598705501618116,0.0,0.30985915492957744,0.016181229773462782,0.10588235294117647,0.2333333333333333,0.16666666666666666,0.3333333333333333,0.36666666666666653,0.5666666666666667,0.7,0.0453074433656958,0.05501618122977346,0.012944983818770229,0.0,0.0,0.2,0.03333333333333333,3
59,C:\Users\Mike\PycharmProjects\readability\texts_acc_to_classes\3\zhitkov_morskie_istorii.txt,0.11650485436893206,0.4142394822006473,0.7281553398058253,0.12297734627831715,0.042071197411003236,0.2815533980582524,0.3624595469255664,0.06796116504854369,0.08090614886731391,0.10679611650485436,0.1941747572815534,0.0744336569579288,0.16828478964401294,0.029126213592233014,0.05501618122977346,0.05501618122977346,0.7666666666666667,2.2333333333333334,0.36666666666666653,0.6333333333333333,0.06666666666666668,0.2,0.03333333333333333,0.16666666666666666,0.3333333333333333,0.5,0.0,0.019417475728155338,0.10355987055016183,0.016181229773462782,0.07119741100323625,0.022653721682847898,0.035598705501618116,0.0,0.30985915492957744,0.016181229773462782,0.10588235294117647,0.2333333333333333,0.16666666666666666,0.3333333333333333,0.36666666666666653,0.5666666666666667,0.7,0.0453074433656958,0.05501618122977346,0.012944983818770229,0.0,0.0,0.2,0.03333333333333333,3
60,C:\Users\Mike\PycharmProjects\readability\texts_acc_to_classes\4\437409_belyi-pudel.txt,0.1056644880174292,0.3594771241830065,0.7723311546840959,0.1394335511982571,0.09694989106753812,0.289760348583878,0.32570806100217864,0.04357298474945534,0.04248366013071896,0.07407407407407407,0.16666666666666666,0.12309368191721133,0.15904139433551198,0.06100217864923747,0.09912854030501088,0.017429193899782137,1.3636363636363635,6.424242424242424,0.8484848484848485,3.1515151515151514,0.0,0.3333333333333333,0.21212121212121213,0.09090909090909093,1.1212121212121209,0.5151515151515151,0.18181818181818185,0.017429193899782137,0.09694989106753812,0.054466230936819175,0.09803921568627452,0.015250544662309368,0.026143790849673203,0.005446623093681918,0.2717948717948718,0.01198257080610022,0.22083333333333333,0.6363636363636364,0.8787878787878788,1.6969696969696968,0.696969696969697,0.5151515151515151,1.3636363636363635,0.06427015250544663,0.0664488017429194,0.008714596949891068,0.0,0.0,0.3939393939393939,0.42424242424242425,4
61,C:\Users\Mike\PycharmProjects\readability\texts_acc_to_classes\4\97341_I.txt,0.1056644880174292,0.3594771241830065,0.7723311546840959,0.1394335511982571,0.09694989106753812,0.289760348583878,0.32570806100217864,0.04357298474945534,0.04248366013071896,0.07407407407407407,0.16666666666666666,0.12309368191721133,0.15904139433551198,0.06100217864923747,0.09912854030501088,0.017429193899782137,1.3636363636363635,6.424242424242424,0.8484848484848485,3.1515151515151514,0.0,0.3333333333333333,0.21212121212121213,0.09090909090909093,1.1212121212121209,0.5151515151515151,0.18181818181818185,0.017429193899782137,0.09694989106753812,0.054466230936819175,0.09803921568627452,0.015250544662309368,0.026143790849673203,0.005446623093681918,0.2717948717948718,0.01198257080610022,0.22083333333333333,0.6363636363636364,0.8787878787878788,1.6969696969696968,0.696969696969697,0.5151515151515151,1.3636363636363635,0.06427015250544663,0.0664488017429194,0.008714596949891068,0.0,0.0,0.3939393939393939,0.42424242424242425,4
62,C:\Users\Mike\PycharmProjects\readability\texts_acc_to_classes\4\97341_II.txt,0.1056644880174292,0.3594771241830065,0.7723311546840959,0.1394335511982571,0.09694989106753812,0.289760348583878,0.32570806100217864,0.04357298474945534,0.04248366013071896,0.07407407407407407,0.16666666666666666,0.12309368191721133,0.15904139433551198,0.06100217864923747,0.09912854030501088,0.017429193899782137,1.3636363636363635,6.424242424242424,0.8484848484848485,3.1515151515151514,0.0,0.3333333333333333,0.21212121212121213,0.09090909090909093,1.1212121212121209,0.5151515151515151,0.18181818181818185,0.017429193899782137,0.09694989106753812,0.054466230936819175,0.09803921568627452,0.015250544662309368,0.026143790849673203,0.005446623093681918,0.2717948717948718,0.01198257080610022,0.22083333333333333,0.6363636363636364,0.8787878787878788,1.6969696969696968,0.696969696969697,0.5151515151515151,1.3636363636363635,0.06427015250544663,0.0664488017429194,0.008714596949891068,0.0,0.0,0.3939393939393939,0.42424242424242425,4
63,C:\Users\Mike\PycharmProjects\readability\texts_acc_to_classes\4\97341_III.txt,0.1056644880174292,0.3594771241830065,0.7723311546840959,0.1394335511982571,0.09694989106753812,0.289760348583878,0.32570806100217864,0.04357298474945534,0.04248366013071896,0.07407407407407407,0.16666666666666666,0.12309368191721133,0.15904139433551198,0.06100217864923747,0.09912854030501088,0.017429193899782137,1.3636363636363635,6.424242424242424,0.8484848484848485,3.1515151515151514,0.0,0.3333333333333333,0.21212121212121213,0.09090909090909093,1.1212121212121209,0.5151515151515151,0.18181818181818185,0.017429193899782137,0.09694989106753812,0.054466230936819175,0.09803921568627452,0.015250544662309368,0.026143790849673203,0.005446623093681918,0.2717948717948718,0.01198257080610022,0.22083333333333333,0.6363636363636364,0.8787878787878788,1.6969696969696968,0.696969696969697,0.5151515151515151,1.3636363636363635,0.06427015250544663,0.0664488017429194,0.008714596949891068,0.0,0.0,0.3939393939393939,0.42424242424242425,4
64,C:\Users\Mike\PycharmProjects\readability\texts_acc_to_classes\4\ashik_kerib.txt,0.1056644880174292,0.3594771241830065,0.7723311546840959,0.1394335511982571,0.09694989106753812,0.289760348583878,0.32570806100217864,0.04357298474945534,0.04248366013071896,0.07407407407407407,0.16666666666666666,0.12309368191721133,0.15904139433551198,0.06100217864923747,0.09912854030501088,0.017429193899782137,1.3636363636363635,6.424242424242424,0.8484848484848485,3.1515151515151514,0.0,0.3333333333333333,0.21212121212121213,0.09090909090909093,1.1212121212121209,0.5151515151515151,0.18181818181818185,0.017429193899782137,0.09694989106753812,0.054466230936819175,0.09803921568627452,0.015250544662309368,0.026143790849673203,0.005446623093681918,0.2717948717948718,0.01198257080610022,0.22083333333333333,0.6363636363636364,0.8787878787878788,1.6969696969696968,0.696969696969697,0.5151515151515151,1.3636363636363635,0.06427015250544663,0.0664488017429194,0.008714596949891068,0.0,0.0,0.3939393939393939,0.42424242424242425,4
65,C:\Users\Mike\PycharmProjects\readability\texts_acc_to_classes\4\bazhov_mednoi_gory_hozyaika.txt,0.1056644880174292,0.3594771241830065,0.7723311546840959,0.1394335511982571,0.09694989106753812,0.289760348583878,0.32570806100217864,0.04357298474945534,0.04248366013071896,0.07407407407407407,0.16666666666666666,0.12309368191721133,0.15904139433551198,0.06100217864923747,0.09912854030501088,0.017429193899782137,1.3636363636363635,6.424242424242424,0.8484848484848485,3.1515151515151514,0.0,0.3333333333333333,0.21212121212121213,0.09090909090909093,1.1212121212121209,0.5151515151515151,0.18181818181818185,0.017429193899782137,0.09694989106753812,0.054466230936819175,0.09803921568627452,0.015250544662309368,0.026143790849673203,0.005446623093681918,0.2717948717948718,0.01198257080610022,0.22083333333333333,0.6363636363636364,0.8787878787878788,1.6969696969696968,0.696969696969697,0.5151515151515151,1.3636363636363635,0.06427015250544663,0.0664488017429194,0.008714596949891068,0.0,0.0,0.3939393939393939,0.42424242424242425,4
66,C:\Users\Mike\PycharmProjects\readability\texts_acc_to_classes\4\chehov_kashtanka_1.txt,0.1056644880174292,0.3594771241830065,0.7723311546840959,0.1394335511982571,0.09694989106753812,0.289760348583878,0.32570806100217864,0.04357298474945534,0.04248366013071896,0.07407407407407407,0.16666666666666666,0.12309368191721133,0.15904139433551198,0.06100217864923747,0.09912854030501088,0.017429193899782137,1.3636363636363635,6.424242424242424,0.8484848484848485,3.1515151515151514,0.0,0.3333333333333333,0.21212121212121213,0.09090909090909093,1.1212121212121209,0.5151515151515151,0.18181818181818185,0.017429193899782137,0.09694989106753812,0.054466230936819175,0.09803921568627452,0.015250544662309368,0.026143790849673203,0.005446623093681918,0.2717948717948718,0.01198257080610022,0.22083333333333333,0.6363636363636364,0.8787878787878788,1.6969696969696968,0.696969696969697,0.5151515151515151,1.3636363636363635,0.06427015250544663,0.0664488017429194,0.008714596949891068,0.0,0.0,0.3939393939393939,0.42424242424242425,4
67,C:\Users\Mike\PycharmProjects\readability\texts_acc_to_classes\4\chehov_kashtanka_2.txt,0.1056644880174292,0.3594771241830065,0.7723311546840959,0.1394335511982571,0.09694989106753812,0.289760348583878,0.32570806100217864,0.04357298474945534,0.04248366013071896,0.07407407407407407,0.16666666666666666,0.12309368191721133,0.15904139433551198,0.06100217864923747,0.09912854030501088,0.017429193899782137,1.3636363636363635,6.424242424242424,0.8484848484848485,3.1515151515151514,0.0,0.3333333333333333,0.21212121212121213,0.09090909090909093,1.1212121212121209,0.5151515151515151,0.18181818181818185,0.017429193899782137,0.09694989106753812,0.054466230936819175,0.09803921568627452,0.015250544662309368,0.026143790849673203,0.005446623093681918,0.2717948717948718,0.01198257080610022,0.22083333333333333,0.6363636363636364,0.8787878787878788,1.6969696969696968,0.696969696969697,0.5151515151515151,1.3636363636363635,0.06427015250544663,0.0664488017429194,0.008714596949891068,0.0,0.0,0.3939393939393939,0.42424242424242425,4
68,C:\Users\Mike\PycharmProjects\readability\texts_acc_to_classes\4\chernaya_kuritsa.txt,0.1056644880174292,0.3594771241830065,0.7723311546840959,0.1394335511982571,0.09694989106753812,0.289760348583878,0.32570806100217864,0.04357298474945534,0.04248366013071896,0.07407407407407407,0.16666666666666666,0.12309368191721133,0.15904139433551198,0.06100217864923747,0.09912854030501088,0.017429193899782137,1.3636363636363635,6.424242424242424,0.8484848484848485,3.1515151515151514,0.0,0.3333333333333333,0.21212121212121213,0.09090909090909093,1.1212121212121209,0.5151515151515151,0.18181818181818185,0.017429193899782137,0.09694989106753812,0.054466230936819175,0.09803921568627452,0.015250544662309368,0.026143790849673203,0.005446623093681918,0.2717948717948718,0.01198257080610022,0.22083333333333333,0.6363636363636364,0.8787878787878788,1.6969696969696968,0.696969696969697,0.5151515151515151,1.3636363636363635,0.06427015250544663,0.0664488017429194,0.008714596949891068,0.0,0.0,0.3939393939393939,0.42424242424242425,4
69,C:\Users\Mike\PycharmProjects\readability\texts_acc_to_classes\4\grigorovich_guttaperchivyi_malchik.txt,0.1056644880174292,0.3594771241830065,0.7723311546840959,0.1394335511982571,0.09694989106753812,0.289760348583878,0.32570806100217864,0.04357298474945534,0.04248366013071896,0.07407407407407407,0.16666666666666666,0.12309368191721133,0.15904139433551198,0.06100217864923747,0.09912854030501088,0.017429193899782137,1.3636363636363635,6.424242424242424,0.8484848484848485,3.1515151515151514,0.0,0.3333333333333333,0.21212121212121213,0.09090909090909093,1.1212121212121209,0.5151515151515151,0.18181818181818185,0.017429193899782137,0.09694989106753812,0.054466230936819175,0.09803921568627452,0.015250544662309368,0.026143790849673203,0.005446623093681918,0.2717948717948718,0.01198257080610022,0.22083333333333333,0.6363636363636364,0.8787878787878788,1.6969696969696968,0.696969696969697,0.5151515151515151,1.3636363636363635,0.06427015250544663,0.0664488017429194,0.008714596949891068,0.0,0.0,0.3939393939393939,0.42424242424242425,4
70,C:\Users\Mike\PycharmProjects\readability\texts_acc_to_classes\4\kassil_velikoe_protivostoyanie_1.txt,0.1056644880174292,0.3594771241830065,0.7723311546840959,0.1394335511982571,0.09694989106753812,0.289760348583878,0.32570806100217864,0.04357298474945534,0.04248366013071896,0.07407407407407407,0.16666666666666666,0.12309368191721133,0.15904139433551198,0.06100217864923747,0.09912854030501088,0.017429193899782137,1.3636363636363635,6.424242424242424,0.8484848484848485,3.1515151515151514,0.0,0.3333333333333333,0.21212121212121213,0.09090909090909093,1.1212121212121209,0.5151515151515151,0.18181818181818185,0.017429193899782137,0.09694989106753812,0.054466230936819175,0.09803921568627452,0.015250544662309368,0.026143790849673203,0.005446623093681918,0.2717948717948718,0.01198257080610022,0.22083333333333333,0.6363636363636364,0.8787878787878788,1.6969696969696968,0.696969696969697,0.5151515151515151,1.3636363636363635,0.06427015250544663,0.0664488017429194,0.008714596949891068,0.0,0.0,0.3939393939393939,0.42424242424242425,4
71,C:\Users\Mike\PycharmProjects\readability\texts_acc_to_classes\4\korolenko_slepoi_muzykant.txt,0.1056644880174292,0.3594771241830065,0.7723311546840959,0.1394335511982571,0.09694989106753812,0.289760348583878,0.32570806100217864,0.04357298474945534,0.04248366013071896,0.07407407407407407,0.16666666666666666,0.12309368191721133,0.15904139433551198,0.06100217864923747,0.09912854030501088,0.017429193899782137,1.3636363636363635,6.424242424242424,0.8484848484848485,3.1515151515151514,0.0,0.3333333333333333,0.21212121212121213,0.09090909090909093,1.1212121212121209,0.5151515151515151,0.18181818181818185,0.017429193899782137,0.09694989106753812,0.054466230936819175,0.09803921568627452,0.015250544662309368,0.026143790849673203,0.005446623093681918,0.2717948717948718,0.01198257080610022,0.22083333333333333,0.6363636363636364,0.8787878787878788,1.6969696969696968,0.696969696969697,0.5151515151515151,1.3636363636363635,0.06427015250544663,0.0664488017429194,0.008714596949891068,0.0,0.0,0.3939393939393939,0.42424242424242425,4
72,C:\Users\Mike\PycharmProjects\readability\texts_acc_to_classes\4\krapivin_oruzhenosets_kashka_1.txt,0.1056644880174292,0.3594771241830065,0.7723311546840959,0.1394335511982571,0.09694989106753812,0.289760348583878,0.32570806100217864,0.04357298474945534,0.04248366013071896,0.07407407407407407,0.16666666666666666,0.12309368191721133,0.15904139433551198,0.06100217864923747,0.09912854030501088,0.017429193899782137,1.3636363636363635,6.424242424242424,0.8484848484848485,3.1515151515151514,0.0,0.3333333333333333,0.21212121212121213,0.09090909090909093,1.1212121212121209,0.5151515151515151,0.18181818181818185,0.017429193899782137,0.09694989106753812,0.054466230936819175,0.09803921568627452,0.015250544662309368,0.026143790849673203,0.005446623093681918,0.2717948717948718,0.01198257080610022,0.22083333333333333,0.6363636363636364,0.8787878787878788,1.6969696969696968,0.696969696969697,0.5151515151515151,1.3636363636363635,0.06427015250544663,0.0664488017429194,0.008714596949891068,0.0,0.0,0.3939393939393939,0.42424242424242425,4
73,C:\Users\Mike\PycharmProjects\readability\texts_acc_to_classes\4\mamin_sibiryak_priemysh.txt,0.1056644880174292,0.3594771241830065,0.7723311546840959,0.1394335511982571,0.09694989106753812,0.289760348583878,0.32570806100217864,0.04357298474945534,0.04248366013071896,0.07407407407407407,0.16666666666666666,0.12309368191721133,0.15904139433551198,0.06100217864923747,0.09912854030501088,0.017429193899782137,1.3636363636363635,6.424242424242424,0.8484848484848485,3.1515151515151514,0.0,0.3333333333333333,0.21212121212121213,0.09090909090909093,1.1212121212121209,0.5151515151515151,0.18181818181818185,0.017429193899782137,0.09694989106753812,0.054466230936819175,0.09803921568627452,0.015250544662309368,0.026143790849673203,0.005446623093681918,0.2717948717948718,0.01198257080610022,0.22083333333333333,0.6363636363636364,0.8787878787878788,1.6969696969696968,0.696969696969697,0.5151515151515151,1.3636363636363635,0.06427015250544663,0.0664488017429194,0.008714596949891068,0.0,0.0,0.3939393939393939,0.42424242424242425,4
74,C:\Users\Mike\PycharmProjects\readability\texts_acc_to_classes\4\nosov_vitya_maleev_1.txt,0.1056644880174292,0.3594771241830065,0.7723311546840959,0.1394335511982571,0.09694989106753812,0.289760348583878,0.32570806100217864,0.04357298474945534,0.04248366013071896,0.07407407407407407,0.16666666666666666,0.12309368191721133,0.15904139433551198,0.06100217864923747,0.09912854030501088,0.017429193899782137,1.3636363636363635,6.424242424242424,0.8484848484848485,3.1515151515151514,0.0,0.3333333333333333,0.21212121212121213,0.09090909090909093,1.1212121212121209,0.5151515151515151,0.18181818181818185,0.017429193899782137,0.09694989106753812,0.054466230936819175,0.09803921568627452,0.015250544662309368,0.026143790849673203,0.005446623093681918,0.2717948717948718,0.01198257080610022,0.22083333333333333,0.6363636363636364,0.8787878787878788,1.6969696969696968,0.696969696969697,0.5151515151515151,1.3636363636363635,0.06427015250544663,0.0664488017429194,0.008714596949891068,0.0,0.0,0.3939393939393939,0.42424242424242425,4
75,C:\Users\Mike\PycharmProjects\readability\texts_acc_to_classes\4\nosov_viya_maleev_2.txt,0.1056644880174292,0.3594771241830065,0.7723311546840959,0.1394335511982571,0.09694989106753812,0.289760348583878,0.32570806100217864,0.04357298474945534,0.04248366013071896,0.07407407407407407,0.16666666666666666,0.12309368191721133,0.15904139433551198,0.06100217864923747,0.09912854030501088,0.017429193899782137,1.3636363636363635,6.424242424242424,0.8484848484848485,3.1515151515151514,0.0,0.3333333333333333,0.21212121212121213,0.09090909090909093,1.1212121212121209,0.5151515151515151,0.18181818181818185,0.017429193899782137,0.09694989106753812,0.054466230936819175,0.09803921568627452,0.015250544662309368,0.026143790849673203,0.005446623093681918,0.2717948717948718,0.01198257080610022,0.22083333333333333,0.6363636363636364,0.8787878787878788,1.6969696969696968,0.696969696969697,0.5151515151515151,1.3636363636363635,0.06427015250544663,0.0664488017429194,0.008714596949891068,0.0,0.0,0.3939393939393939,0.42424242424242425,4
76,C:\Users\Mike\PycharmProjects\readability\texts_acc_to_classes\4\platonov_suhoi_hleb.txt,0.1056644880174292,0.3594771241830065,0.7723311546840959,0.1394335511982571,0.09694989106753812,0.289760348583878,0.32570806100217864,0.04357298474945534,0.04248366013071896,0.07407407407407407,0.16666666666666666,0.12309368191721133,0.15904139433551198,0.06100217864923747,0.09912854030501088,0.017429193899782137,1.3636363636363635,6.424242424242424,0.8484848484848485,3.1515151515151514,0.0,0.3333333333333333,0.21212121212121213,0.09090909090909093,1.1212121212121209,0.5151515151515151,0.18181818181818185,0.017429193899782137,0.09694989106753812,0.054466230936819175,0.09803921568627452,0.015250544662309368,0.026143790849673203,0.005446623093681918,0.2717948717948718,0.01198257080610022,0.22083333333333333,0.6363636363636364,0.8787878787878788,1.6969696969696968,0.696969696969697,0.5151515151515151,1.3636363636363635,0.06427015250544663,0.0664488017429194,0.008714596949891068,0.0,0.0,0.3939393939393939,0.42424242424242425,4
77,C:\Users\Mike\PycharmProjects\readability\texts_acc_to_classes\4\tolstoy_detstvo_1.txt,0.1056644880174292,0.3594771241830065,0.7723311546840959,0.1394335511982571,0.09694989106753812,0.289760348583878,0.32570806100217864,0.04357298474945534,0.04248366013071896,0.07407407407407407,0.16666666666666666,0.12309368191721133,0.15904139433551198,0.06100217864923747,0.09912854030501088,0.017429193899782137,1.3636363636363635,6.424242424242424,0.8484848484848485,3.1515151515151514,0.0,0.3333333333333333,0.21212121212121213,0.09090909090909093,1.1212121212121209,0.5151515151515151,0.18181818181818185,0.017429193899782137,0.09694989106753812,0.054466230936819175,0.09803921568627452,0.015250544662309368,0.026143790849673203,0.005446623093681918,0.2717948717948718,0.01198257080610022,0.22083333333333333,0.6363636363636364,0.8787878787878788,1.6969696969696968,0.696969696969697,0.5151515151515151,1.3636363636363635,0.06427015250544663,0.0664488017429194,0.008714596949891068,0.0,0.0,0.3939393939393939,0.42424242424242425,4
78,C:\Users\Mike\PycharmProjects\readability\texts_acc_to_classes\4\tolstoy_detstvo_2.txt,0.1056644880174292,0.3594771241830065,0.7723311546840959,0.1394335511982571,0.09694989106753812,0.289760348583878,0.32570806100217864,0.04357298474945534,0.04248366013071896,0.07407407407407407,0.16666666666666666,0.12309368191721133,0.15904139433551198,0.06100217864923747,0.09912854030501088,0.017429193899782137,1.3636363636363635,6.424242424242424,0.8484848484848485,3.1515151515151514,0.0,0.3333333333333333,0.21212121212121213,0.09090909090909093,1.1212121212121209,0.5151515151515151,0.18181818181818185,0.017429193899782137,0.09694989106753812,0.054466230936819175,0.09803921568627452,0.015250544662309368,0.026143790849673203,0.005446623093681918,0.2717948717948718,0.01198257080610022,0.22083333333333333,0.6363636363636364,0.8787878787878788,1.6969696969696968,0.696969696969697,0.5151515151515151,1.3636363636363635,0.06427015250544663,0.0664488017429194,0.008714596949891068,0.0,0.0,0.3939393939393939,0.42424242424242425,4
79,C:\Users\Mike\PycharmProjects\readability\texts_acc_to_classes\4\ushinskiy_slepaya_loshad.txt,0.1056644880174292,0.3594771241830065,0.7723311546840959,0.1394335511982571,0.09694989106753812,0.289760348583878,0.32570806100217864,0.04357298474945534,0.04248366013071896,0.07407407407407407,0.16666666666666666,0.12309368191721133,0.15904139433551198,0.06100217864923747,0.09912854030501088,0.017429193899782137,1.3636363636363635,6.424242424242424,0.8484848484848485,3.1515151515151514,0.0,0.3333333333333333,0.21212121212121213,0.09090909090909093,1.1212121212121209,0.5151515151515151,0.18181818181818185,0.017429193899782137,0.09694989106753812,0.054466230936819175,0.09803921568627452,0.015250544662309368,0.026143790849673203,0.005446623093681918,0.2717948717948718,0.01198257080610022,0.22083333333333333,0.6363636363636364,0.8787878787878788,1.6969696969696968,0.696969696969697,0.5151515151515151,1.3636363636363635,0.06427015250544663,0.0664488017429194,0.008714596949891068,0.0,0.0,0.3939393939393939,0.42424242424242425,4
